jihwan:jihwan
leeda:leeda426
hgb:hgb978
jay:jay
kimseonkeol:kimseonkeol
leedongho:leedongho
klaizard:klaizard
hsh:hsh9986
mubig:mubig123
bebekim:bebekim546
seungyong:seungyong13901
semoon:semoon