smahn:smahn385
ydcho:ydcho
hkim:hkim324
hyein13:hyein13
cyl4708:cyl4708
mythpan:mythpan
boyeon54:boyeon54