Chinyi:ChinYi@FIN.6003
Asmida:Chai@FIN6003
Rayer:raYer@Copper.6003
Mslee:mslee@4949
Sagun:sagun@878685
Andy:andy@012911
Andrea:andrea@454647
