frederic.asselin:frederic.asselin
francois.becotte:Beco2326#
raphael.hamelin:raphael.hamelin
josue.martineau:josue.martineau
fannie.pasquier:fannie.pasquier
raphael.lefebvre:raphael.lefebvre
pascale.chabiague:pascale.chabiague
julie.labonte:julie.labonte
xavier.fortin:xavier.fortin
david.cote:david.cote
guillaume.cardinal:guillaume.cardinal
etienne.lepage:etienne.lepage
simon.savard:simon.savard
claudia.talbot:claudia.talbot
catherine.st-laurent:catherine.st-laurent
maxime.turgeon:maxime.turgeon
andre.lafrance:Laf5100And
simon.brochu:simbro
vincent.lavoie:vincent.lavoie