penny.leong:PenOng@378
siewting.chew:chew@123
laykhim.tee:tee@123
geethadevi.viswa:gviswa@123
engming.lin:ming@123
weihong.cheng:weihong@123
boonhoon.chiah:boon@123
kokloong.cheong:Che0ng@3482
esther.koh:esther@123
jamie.ooi:jamie@123
angerine.lim:angerine@123
eddy.ahmad:eddy@123
noorshafiza.ibrahim:shafiza@123
yiyu.diong:yydiong@123
shyyeng.tan:tan@123
david.constantine:david@123
izahar.lim:izahar@123
pohann.tan:tan@123
halim.osman:halim@123