ethiraj:kct@4321
bala:kct@2121
souravm:Souravm@1122
b.venu:kct@1234
sasikala:kct@1234
twlitgc1:Twl@1123
arun:Arun@123
ulaganathan:kct@2019
nithianand:kct@2019
raghuramaiah:kct@4321
blueridge2:blueridge@3131
vinoth.kumar:kct@2121
sreenivasulu.uppala:kct@2020
sanskarg:Sanskarg@1123
pratish:Pratish@1234
stores2:kct@1234
rpalit:Rpalit@4321
kchoudhary:Kchoudhary@1122
sshete:Sshete@1122