Aditya_Kurla:Kurla@2020
Somaiya_Kurla:Somaiya@2020
Kurla_Tally:Kurla@2020
NmMul_Tally:NmMul@2020
Pune_Tally:Pune@2020
NgpLey_Tally:NgpLey@2020
NgpMul_Tally:NgpMul@2020
Nashik_Tally:Nashik@2020
AgbMul_Tally:AgbMul@2020
PnlMul_Tally:PnlMul@2020
Shankar_Kurla:Kurla@2020
Chakan_Tally:Chakan@2020
Latur_Tally:Latur@2020
Bina_Auditor:Bina@2020
AgbLey_Tally:AgbLey@2020
Shenoy_Kurla:Kurla@2020
Sumit_Kurla:Kurla@2020