cartera:cartera
supermercados:supermercados
gindustrial:gindustrial
valledupar:valledupar
coorcontabilidad:coorcontabilidad
rtovar:rtovar
cinterno:cinterno
serasociado2:serasociado2
mgarcia:mgarcia