Giancarlo.Rosalino:giancarlo.rosalino
KatherineL.Arias:katherinel.arias
CarlosA.Aguilar:carlosa.aguilar
AlinaS.Chavarry:alinas.chavarry
CesarI.Cutolo:cesari.cutolo
Cynthia.Carrillo:cynthia.carrillo
KarlaL.Bazan:karlal.bazan
ErickaC.Rios:erickac.rios
Jairo.Garcia:jairo.garcia
WilderV.Torpoco:wilderv.torpoco
Karem.Orejuela:karem.orejuela
Judith.Aranibar:judith.aranibar
Melisa.Morales:melisa.morales
