jpriya:jpriya@tlt
Suchitra:Suchitra@tlt
slawrance:SLawrance@tlt
jmanalil:JManalil@tlt
bthomas:BThomas@tlt
sajith:SAjith@tlt
anzil:anzil@tlt
rkumar:RKumar@tlt
smathew:SMathew@tlt
dhetzlin:DHetzlin@tlt
bpoulose:BPoulose@tlt
skumar:TLT@skumar
rkrishnan:RKrishnan@tlt
rponnachan:RPonnachan@tlt
kumar:kumar@tlt