siogama:siogama
a.matsuzaki:japa.matsuzaki1!
bo.kim:japbo.kim1!
horiuchi0805:japhoriuchi08051!
jeonys:japjeonys1!
seki.yuichiro:japseki.yuichiro1!
espark:japespark1!
nmhonda:japnmhonda1!
yuki.suda:japyuki.suda1!
tokuhara:japtokuhara1!
sakamotomiku:japsakamotomiku1!
kimtaeyun4:japkimtaeyun41!
m.egawa:japm.egawa1!
yoroji:japyoroji1!
kimseongmi:japkimseongmi1!
k-yamada:japk-yamada1!
tokaikaiun:tokaikaiun
takesiw:japtakesiw1!
yungki1008:japyungki10081!