engming.lin:ming@123
weihong.cheng:weihong@123
boonhoon.chiah:boon@123
esther.koh:esther@123
jamie.ooi:jamie@123
noorshafiza.ibrahim:shafiza@123
izahar.lim:izahar@123
pohann.tan:tan@123
halim.osman:halim@123