mc.pellegrini01:GoPellegrini.2020!+
e.centolanze01:GoCentolanze.2020!
Walter_MMG:MMG-Users
creditreform:GoColombari.2018!
m.cerami01:GoCerami.2020!+
f.tappa01:GoTappa.2020!+
b.conti01:GoConti.2020!+
l.bertuzzi01:GoBertuzzi.2020!+
t.luca01:GoLuca.2020!+
l.palladini01:GoPalladini.2020!+
p.taroni01:GoTaroni.2020!+