vijays:vijays@123
manjunath:manjunath123
nitish.goel:nitish.goel123
satishs:satishs123
sarmap:sarmap123
santhoshc:santhoshc123
swapna.kp:swapna.kp!@#
ashish.singh:ashish.singh!@#
suresh.m:suresh.m!@#
{:_
chandrashekaran:chandrashekaran123
dryagdeep:dryagdeep123
rameshb:rameshb123
anuv:anuv1234
steffym:steffym!@#
anitar:anitar!@#
varalakshmij:varalakshmij!@#
zeenatu:zeenatu123
ashishs:ashishs!@#
kushwah:kushwah123
patrick.l:patrick.l123
rajeshwarp:rajeshwarp123