Conam:Conam
Imssnos:Imssnos
Payeduardo:Payeduardo
Imssana:Imssana
Coberik:Coberik
LauraGonzalez:LauraGonzalez
Paydreyda:Paydreyda
Cobyol:Cobyol
Contap:Contap
Dgmp:Dgmp
Payoscar:Payoscar