sheveroy@satyam.net.in:Sheveroy@1
nikasu@md3.vsnl.net.in:nikasu9788
asmaglove@gmail.com:Asma@2018
sreekumar_parameswar@yahoo.com:Dhananjay12#
thomas.john@nestgroup.net:Emrald@123
balandv@covema.com:Taher@2018
ram.ramkumar@abmauri.co.in:Cspices#24
mc.arunkumar@nestgroup.net:rayhans@123
acct.exim@abadgroup.in:Abadcsez@123
makgames@sancharnet.in:Mak@2018#19
mail@projectgarments.com:Project$500
tthomas@muthoot.com:muthoot
cii@satyam.net.in:Ciiguardn96*
steripharm@sancharnet.in:Cochin@123
marketing@primusgloves.com:Primus@123
mail@hiteaindia.com:Algayathri@1
sundaramd@ibspl.com:Abc@12345
safeshield@airtelmail.in:Safe@12345
kkpillai@nikasu.com:Nik@800499
jobi@datamateindia.com:Dmate*2019
classichome@dataone.in:Classic*123
fitcoindia@vsnl.net:Fitco@123
vinod@hykonmt.com:Hykon@1234
PD.Prasad@unilever.com:HUL@123#csez
truskin@truskingloves.com:CSEZ.org14c
mg@ecdsin.com:Ecds@2001
info@vishwausa.com:Vishwa#1
waves72@gmail.com:Waves@1972
pillai@datasoft.ws:D@tasoft123
bharat@jvgokal.com:jvgcochin
krishnakumar5109@gmail.com:Hlatex@2018
seejo.koonan@hitechos.com:Csez@2018
mailviswam@gmail.com:Ampower@1000
ramshi@wellfitworld.com:Wellfit$2
SUCHITRA@WFBINDIA.COM:Wfbcochin@1
sebastian@docustreamindia.com:Docu@1234
director@mtv jewellers.com:916@Finegold
nag@tolins.com:Trex@123
abadeximcnf@gmail.com:Albadr@15
sabin@bbmbommidala.com:Bommi@123
betahealthcare@gmail.com:Betacare@1
dhananjaibhagat@gmail.com:Ht_foods123
kvdaniel@wrenchsolutions.com:Wrench@123
manikanth@cajl.co.in:Cajl#123
rasal.m@forefrontconsultancies.com:Forefront@1
harsha.kestur@wipro.com:wiprol1
harsha.kestur@wipro.com:wipro1
kiran.kumar@biocon.com:Biocon@U1
jagannath@reidbraids.co.in:Reid@93970
mb.chinappa@syngeneintl.com:Synge123#
logistics@arkmotion.com:Arkpower1*
Krishna.Mikkilineni@honeywell.com:Honeywell@21
safecare@bsnl.in:Safecare@20
selva.x.ganesan@accenture.com:Password06$$
anish.mathew1@sutherlandglobal.com:Admin@1234
anita.sanghi@in.ibm.com:Sezunit@1
parivan@dc.ibm.com:Dakshmay@219
krishnakumar _natarajan@mindtree.com:Mtree1@P3
vinodkumar@wenders.com:Wicc@1234
info@digitalmesh.com:Mesh#1234
krithika.karthik@williamslea.com:Finance@2018
pramod.panda@cognizant.com:Cognizant@19
girish.agarwal@ibsplc.com:Pass#2019
ramachandran_s03@infosys.com:Star@123
nagaraj.ijari@tcs.com:Pioneer@1
johnkj@overbrooktechservices.com:Overbrook
Parthasarathy.K@cognizant.com:cognizant
johnkj@ots.work:!Overbrook1!
francischeruvally@gmail.com:Stable123@
STPRABHU@ACCEL-INDIA.COM:accelt
royalmalabarfoods@gmail.com:Royal@2018
Dayanand_Nayak@infosys.com:Infy@2019
admin@pnltechnologies.com:@Dmin2019
nmmhassan@yahoo.in:Dore@118
Rohit.Kapoor@exlservice.com:opivtvl
jpalathinkal@gmail.com:ideal123
anand.venkateswaran@target.com:CorpFin@01
rama.nadimpalli@cerner.com:Cerner@U1
dinesh.iyer@syngeneintl.com:Synuni2#
csipl-operations@cisco.com :Cbpsez@123
dinesh.iyer@syngeneintl.com:Synuni3#
varmapkmr@gmail.com:Dds@12345
dinesh.iyer@syngeneintl.com:Synuni4#
kochi.softex@tcs.com:Tcs@01234
koanto123@gmail.com:kallarackals
rajan.raman@magnumaviation.co.uk:magnum
chandrashekar.n@clutchgroup.com:Jurim@tri2#
subash.menon@subex.com:Subex1
subash.menon@subex.com:subex2
mathew@advenser.com:Advenser!1
prashant@rajeshindia.com:relcochin
nagaraja.gargeshwari@meritor.com:Meritor@123
leanne.lazarus@anz.com:Anzssi#32
nayaks@omplindia.com:Ompl@1234
harsha.kestur@wipro.com:wiprol2
snsingh_directorwork@kumarorganic.net:Kopl@2019
jnedunga@cisco.com:CDIPLCESSNA
mobilab@mailup.net:dlchem
Subrata_Das@infosys.com:#Jan@2019
accounts@zerone-consulting.com:Zerone#01
cbendre@meyer.co.in:vpl0001
suraj.gopal@fci.com:Moon@2018
statutory@quest-global.com:Quest@789
Probir.niyogi@tcs.com:Manyata@3
finance@naicoits.com:Naico@2016
r.sharma@suzlon.com:Seblades123*
KRISHNADAS@DPWORLD.COM:Jan@2019
ravi.hugar@quest-global.com:Qgepletv@12
harsha.kestur@wipro.com:wipro2
shilen.sagunan@arbitron.com:arbitron
prasanna@novamexx.com:novamexx
ecocell@eml.cc:ecocell
anish.kumar@idcglobal.com:Datafl0at12!
mg@ecdsin.com:ecds2
bs@immcoinc.com:Saranga@123*
subramony.venkiteswaran@ibsplc.com:Ibs#1234
meir.gilady@globalwavetechnologies.com:Global@1234
jozef@cisco.com:cisco@BGL25
raghavendra.tp@kpit.com:kpitcummins
greenbandsurgicals@gmail.com:Green@2019
bram@sonata-software.com:Rama@123
kedar.barve@northgate-is.com:May@2019
info@mediaus.com:msis
ram.singh@symphonyteleca.com:Jun@2019
lokesh.cr@emc.com:emcd2
jijo@calpinetech.com:Uvjentry@11
lokesh.cr@emc.com:emcd1
Maniklal.Manna@harman.com:Apr@2019
imran.kh@firstsource.com:firstsource
compliance-officer@hcl.com:hcl1
ravi.hugar@aequs.com:Aerospace@12
mridhulak@cumi.murugappa.com:Cumi@1234
pramodt@orioninc.com:Orion@2019
sudheer@mindsoftglobal.com:MINDSOFT
Paraneetharan.Palaniyappan@exlservice.com:opipl
info@scigenom.com:Scigenom@12
deepak@millinfo.net:Infologic@19
finance@sblinfo.org:Sbl@123$
Ganesh.ayyar@mphasis.com:MphtowerB@1
Hiroyuki.Tamaki@sony.com:GDCunit2018!
bijalm@arctern.com:Arctern@1
premkumar.b@idealinvent.com:IDEALIT123
manav.garg@ekaplus.com:Ekasoft@12
harsha.kestur@wipro.com:wipro3
sharad.bansal@hp.com:Asapl123!
harsha.kestur@wipro.com:wipro4
sbinoy@gmail.com:Trishul@08
suresh.kandaswami@socgen.com:Socgen@123
sharad.bansal@hp.com:asapl2
prasobh@claironfilters.com:123@Clairon
ees@engineeredelastomer.com:Solution@12
krishnakumar _natarajan@mindtree.com:Mteunit@1
accounts@qburst.com:Qburst0*
subramony.venkiteswaran@ibsplc.com:Pass#2019
machandran_s03@infosys.com:Infy@2019
india_taxaudit_grp@oracle.com:OFSs@12345
rinishkn@rapidvaluesolutions.com:RVsez@2020
mhkapadia@indoschottle.com:Indo@1234
india_taxaudit_grp@oracle.com:OFSs@12346
sunil.balakrishnan@ust-global.com:ustglobal
koanto123@gmail.com:kallarackal
nagaraj.ijari@tcs.com:Globalaxis@2
girraj@kpmg.com:Kgdcpl@1
ashis.tarafdar@lntinfotech.com:Lndinft@18
jgeorge@paycommerce.com:olive
mhdmebran@gmail.com:Kinfra@123
nk@suntecgroup.com:SunTec123#
s.ramakrishnan@mphasis.com:Msource@1
ganesh_venkataraman@intuit.com:Intuit@123
binu.ms@accelfrontline.com:Sivam@35
srinivasan.n@hp.com:Hppsindia@1
radha.ganeshan@nykkostech.com:NYKKOS
sjames@fragomen.com:Fragomen@123
jk.pillai@corelogic.co.uk:FRAME123
compliance-officer@hcl.com:hcl3
ravi.kumar@nttdata.com:umesh
Rabi.Rout@LntTechservices.Com:Larsen@2018
manikanth@sjil.co.in:suraj2
ruchika.gupta@borderlessaccess.com:Borderless1#
ruchika.gupta@borderlessaccess.com:Course5i#
mridhulak@cumi.murugappa.com:Nebulox@123
tinu@owleanimations.com:owle
mujeeb.rahman@altisource.com:Gateway@1
swaroop.devulapalli@ocwen.com:Ocwen@123
rohini.c@resonanceit.in:Resonance
sasi.kiran@onmobile.com:Onmo@2019
ramesh@teamhgs.com:hgsinter
jagadish.a.nagaraj@capgemini.com:Jan@2019
rajashekar.hariharan@accenture.com:Accenture@7
murali.bv@saicare.com:saiinfo
vikram.labhe@pmcs.com:Prabhu1234%
s.gururaj@zietatech.com:zieta
umeshp@infinite.com:infinit
Umesh.Shankarnarayan@nttdata.com:umesh
compliance-officer@hcl.com:hcl2
srs@aurasemi.com:Aurasemi!19
AVEEK.K.MUKHERJEE@WELLSFARGO.COM:Wells@12
smithafrancy@yahoo.co.in:Bcsez2010!
manikanth@sjil.co.in:suraj3
alokmehta@sdil.co.in:sjrc
selvam@winsomejewellery.com:jrddiamonds
alokmehta@su-raj.com:foreever
salimv@eim.ae:Ofbioner#3
sks@IMMCOINC.COM:Immco@2018
joyalornaments@gmail.com:JOYAL123
satheesh.kumarn@wipro.com:wipro
manu.abraham@opterna.com:Opterna@2018
vkrishnan@textron.com:Textron@123
jose@coresysit.com:CORESYS123
acc.darp@gmail.com:D.A.R123
babusunod.s@foundingminds.com:FMSPL123
info@thoughtcell.com:GSTI
manoj.k@thinkpalm.com:Think@123
sebastian@swolutions.com:Cms@1234
skurian@mstcochin.com:mobilesport
selvam@winsomejewellery.com:kohinoor
aramanar@brocade.com:brocade2
sam.mathew@applexus.com:Applexus
alokmehta@sdil.co.in:surajdil
mb.chinappa@syngeneintl.com:SyngeneV12#
alokmehta@sdil.co.in:surajdl
amrutesh.joshi@syngeneintl.com:SyngeneVI12#
hrushikesh.damle@socgen.com:Socgen@123
manoj@btinc.net:Btici@2018
abk@geojit.com:C$ez@28153
administration@oenindia.com:Oencsez800.
sasi@technowaysoftware.com:TECHNOWAY
VINOD@CLAYSYS.COM:clayinfo
cochin@rajeshindia.com:Rajunit@2
Bargavi.Natesan@cognizant.com:C$ez@82881
jayakumar@skygroup.org:skyz123
rajv.mody@sasken.com:saskhoodi
siliconhouse@gmail.com:craysol
sanjaynikamgold@gmail.com:ashgold
nitin.dhavale@XE02.ey.com:Athulya@123
unipackcontainers@gmail.com:Unipack@1234
satheesh.kumar@rubyseven.net:Chayowo@2019
bobbie.h@magnasoft.com:Sez@2019
jacob@corratech.com:Corratech1#
sabu@dovlin.com:Hai@#$123
emsyne@emsyne.com:muthinfo
ceo1@ufi.net.in:Ufi@1234
selva.x.ganesan@accenture.com:Password163$
rravi@in.ibm.com:Sezunit@2
emkoshy52@gmail.com:wapco123
VINOD@CLAYSYS.COM:CLAYSYS
poornima.jaganath@ironmountain.com:1985@CAcs
shobharani.p@genpact.com:genpact
harish_khetan@jbfmail.com:jbfpetro
krishnakumar_natarajan@mindtree.com:P5lgfunit@5
rajesh@ultralabsindia.com:Ultra@19
asia-accounts@capitalone.com:Compliance@1
works@homefabricsindia.com:Chomu@456
suman.eadunuri@pega.com:Pega@123
sbaratam@burndy.com:InDiA@123
Prasad.PuthiyaVeetil@xerox.com:Cond@2019
babu@convensystech.com:convensys
snarayan@galaxesolutions.com:GALAXE
sje_916@yahoo.in:SAHAN123
epaul@sandvine.com:Sv_blr12
Anil.Kumar2@Altisource.com:altis2
rajeshh@nextgen.com:Nextgen@12
boby.thomas@infosmart-technologies.com:infosmart
s.r.jayagopi@ericsson.com:Ericsson@123
SSrikantapura@ciber.com:Ciber@1234
vruppo@nds.com:NDSSR1
sanjeev@impetus.co.in:BSEZ@100
indiafinance@satmetrix.com:satmetrix
PHOTON-SEZ@PHOTONINFOTECH.NET:photitpl
Suresha.k@LntTechservices.com:Lnttsblr@1
ganesh.ayyar@mphasis.com:Mphasis@1
sbhatkhande@cardolite.com:Cardolite19$
amit.tewani@global-csg.com:Creative@01
Maniklal.Manna@harman.com:Mar@2019
jjoseph@sysinterface.com:sysinter
swaroop.devulapalli@altisource.com:Ocwen_unit2
info@xopack.com:Xopack@123
sinifiltrowin@gmail.com:12@Filters
varghese@thecolonialists.com:clcosmetics
richi@lng-res.com:Edaran@2018
vikas.g@graymatter.co.in:USER@csez2
kulkarni@precot.com:Hmeridian@1
binoj.nair@allianzebpo.com:ABI@sez19%
biswas@peregrineme.com:peregrine
lky@quadravet.com:Qvpl1218*
kumar.tn@mu-sigma.com:Musigma@12
subrahmaniyamm@virtusa.com:virtusa
praveen_a@sankalpsemi.com:kpit@1234
am.iqbal@ray-hans.com:rayhns123
chetan.garga@allstate.com:All@2019
admin@thoughtlinetech.com:Thought3!
Sanjeev.Gupta@Asia.Xchanging.com:xchanging
edd@beml.co.in:beml
nitin.dhavale@XE02.ey.com:GBSKinfra@1
rajesh.rangappa@wipro.com:WIPROSEZ_AERO
aunipulp@unipulp.com:Unipulp01@
compliance-officer@hcl.com:hcl4
compliance-officer@hcl.com:hcleagle
Arunkumar.KS@Squadforge.com:Squadf@12
ravi.hugar@quest-global.com:Questmfg@12
Parthasarathy.K@cognizant.com:CognizantBLR2
baiju.k@indegene.com:ilfpl1
baiju.k@indegene.com:Ipl@1234
venku@sunriseys.com:Sunrise#2019
Shouvik.roy@teoco.com:Teoco
manoj.chandrappa@qualitest.co.uk:Quali@123$
sreeram@xentrixstudios.com:Xentrixmon@2
narayana.murthy@altran.com:ALTRA123
rajeev.khanna@bt.com:Pritech@2019
apahuja@paypal.com:paypal
venu@litmus7.com:Litmus7@123
hemalatha.r@fnf.com:India@12357
vinu@vtrio.com:vtrio
faizal@sodtechnologies.com:SODINFOPARK
cks@lsg.com:lsg
prince@sparksupport.com:sparksupp
deepu_zacharia@titechnologies.in:Techinno!123
rekha@thinkss.com:Jan@2019
sarath.ct@vipointsolutions.net:vipoint
venkatesh@cabotsolutions.com:Cabot@1234
binup@empresscyber.com:Empress@2018
mohan@ihna.edu.au:Mwt@1234
ramesh@aptlogices.com:aptlogic
Vishal.Chhibbar@exlservice.com:opiinfopark
royjohn@wilsonassoc.com:wilasso
statutory@quest-global.com:questgldef
aravind.puday@gmail.com:whitefire456
starhiherbshassan@gmail.com:Star@*2016
amyexportsandimports@gmail.com:Amyexp@123
vivek@sonajewellers.net:DiamonD*917
DINESH.IYER@SYNGENEINTL.COM:Syngviii12#
mb.chinappa@syngeneintl.com:Syngeix12#
br.jayakumar@slkgroup.com:Slk@rmz123
raviraman@infrahedge.com:InfraSEZ@19
DINESH.IYER@SYNGENEINTL.COM:Syngene7#
bijoy@ceino.com:Ceino@1234
mathew@eteamindia.com:eteam
sanjeev.gupta@@asia.xchanging.com:xchange
manikantha_ags@infosys.com:#Jan@2019
maheshk@osas.com:123abcA*
titas.goswami@thyssenkrupp.com:Thyssen@2019
gigi.thomas@tcs.com:TVM@Unit1
md@venturasystems.co:Ventura#123
oscar.dekkers@faesgroup.com:faespack
BKuriakose@path-solutions.com:pathsolu
Harinath.Lakshminarayan@ipsoft.com:IPsoft@12
joy@techgentsia.com:techgen
lijeesh@subhosting.net:C$ez@78921
ravi.hugar@quest-global.com:Aeroindia@12
krishnakumar_natarajan@mindtree.com :Mteunit@2
bala@apolloaerospacecomponents.com:Appolo@123
shibu.george@alshaya.com:Alshaya1*
info@vstbiz.com:virtual
Venugopalan.Venkataraman@arm.com:Armembed@123
tarunkumar.vyas@waltertools.com:Walter@123
rkapoor@ciber.com:Ciber@1234
cedric.brusselmans@luruico.com :lurui@tvpm
sumesh.chugh@sandvik.com:Sandvik@123
Indiafinance@marlabs.com:marlabs123
sreekumar@macrosoftindia.com:L0g0n2m@cro
sathyanarayana.r@sonata-software.com:Sonata@123
shrenivassan_a@pmc-sierra.com:pmc2
guruprasad.k@tpvision.com:Tpvsez@19
mailus_tp@muble.com:mooble
rama.nadimpalli@cerner.com:Cerner@U2
manu.mani@addant.com:addant
hrishikesh.shashi@speridian.com:speridian
muralidas.p@ugamsolutions.com:ugamsoft
ramesh.joshi@synechron.com:synechron
info@techversantinfotech.com:Techv$2019
ananthds@cadence.com :cadencesez
xaviar.loficial@socgen.com:Socgen@123
ananthds@cadence.com:cosmicsez
aruna.jayanthi@capgemini.com:Jan@2019
rahul.kalburgi@aequs.com:Aequs@123
ashok@silverlinktechnologies.com:silverlink
bobin@toobler.com:Toobler@2019
nitin.dhavale@XE02.ey.com:#EYCar@123
girraj@kpmg.com:Kgspl@10
accounts@qburst.com:Qburst2*
info@parvatech.in:parvatech
jaison.chittilappilly@visualiq.com:Viq@1234
compliance-officer@hcl.com:hclkarle
accounts@adeptlegal.com:Adept#02
TADtech@intlreg.org:@Intership17
JITEN.SHAH@PRIMEFOCUS.COM:primefocus
anurag_khosla_@optum.com:Ogs@2019
aramanar@Brocade.com:Brocade@2
Parthasarathy.K@cognizant.com:Password@19
michel.ginet@capgemini.com:Jan@2019
vikram.kannoth@capgemini.com:Jan@2019
ajaykumar.veettil@wipro.com:wiprodt1
ajaykumar.veettil@wipro.com:wiprodt2
info@adroitminds.com:adroit
sreedharan@in.unisys.com:Unisys@123
Raja.ponnuru@in.unisys.com:Unisys@123
georgeyjohn@gmail.com:intelli
rahul.kalburgi@aequs.com:Asmipl@12
raghavendraMO@microland.com:microland
kumar@globaledgesoft.com:Gedge@123
aramanar@Brocade.com:Brocade@18%
beloyn@idatalytics.com:idata
sriganap@visa.com:Visasez*1
vinod.varghese@me.com:enter360
aramanar@Brocade.com:Brocade@3
suresh.anandham@arctern.com:arctern1
rmurugan@kvaliteta.in:Kvacsez@123
makkasetty@mast.com:Mastglobal@1
narayan.ram@lowes.com:Lsipl@123
anthony@ujwal.biz:aditistaffing
manish.palav@fractalanalytics.com:Fractal@123
shobhitrattangandhi@xlgroup.com:Xlindia@123
ravinder.bedi@rolls-royce.com:Rolls@123
Finance@Valuelabs.net:Value@321
compliance-officer@hcl.com:hclv
Akash.Goel@xe02.ey.com:LLPKinfra@1
suresh.kumar@rwdi.com:Rwdi@2018
rajrs.nair@gmail.com:twist
rashid@aufait.in:Arun@2018*
rajashekar.hariharan@accenture.com:Accenture12$
admin@itvoyager.com:Voyager@123
amar@inapp.com:inapptech
FINANCE@CUBETTECH.COM:cubet123
joby.john@techversantinfotech.com:Cochin$2019
anish@codeatech.com:Codea@2018
sumith.k@xe04.ey.com:LLPCarni@123
sasi@luminescent.digital:Luminescent
james.lazar@petrolink.com:Petro@2018
jacob.baby@nesote.com:Nesote@123
jacob@litmus7.com:Litmus7@123
sabeen@acsiatech.com:acsiatech
accounts@goodmethodsglobal.com:Good12!@
tthomas@infoblox.com:Ifbx_19907
amartya.ghose@ansrconsulting.com:Nigspl@123
Suresha.k@LntTechservices.com:Lntech@2
mbagade@e-emphasys.com:emphasys
Taxindia@Cargill.Com:Cargill@123
Mujeeb.Rahman@Altisource.com:Gateway@3
r.sah@devon.nl:Devon@7777
hqfinance@medgenome.com:Mgm@12345
dakumar@anz.com:Anzot#32
anurag.jain@mediatek.com:Mtb$23052016
naveen.rastogi@bt.com:Ecoworld@19
Suresh.Prabhu@epicor.com:epico
Shankara.Bhandary@xerox.com:Cbs&2014
mujeeb.rahman@altisource.com:Gateway@2
Sandeep.Sharma9@rbs.co.uk:Rbsindia1$
bhuvaneshwar.guheshwaraiah@epsilon.com:Conversant@2
eldhose.abraham@nestgroup.net:Sfotech@sol1
muneer@sparteqz.com:Sparteqz@234
panchaleximcsez@gmail.com:Panchal@123
noufalwn@gmail.com:kcm@csez11
mb.chinappa@syngeneintl.com:Syngxi11##
mb.chinappa@syngeneintl.com:Syngex12#
mb.chinappa@syngeneintl.com:Syngxii12##
mb.chinappa@syngeneintl.com:Syngxiii13##
shamsudeenk@nestgroup.net:sfotech1
srinivasan.vs@sutherlandglobal.com:C$ez@27046
sasidharan.k@nestgroup.net:Rayhans@2019
vishnuprasadk@cumi.murugappa.com:C$ez@82753
malahar@pfsweb.com:Abcd@123$**
jithin@ndimensionz.com:ndimensionz
vikram.sathi@resourcepro.in:RESOU123
accounts@qburst.com:Qburst4*
chandra@in.ibm.com:Sezunit@3
nikita@litmus7.com:Litmus7@123
Sanjiv.Saraswati@concentrix.com:Dakshmay@219
joe@dynamicnext.com:Dynamic@007
thomas.john@bs-shipmanagement.com:Mariapps@19
amit.kansal@senvion.com:Senvion#16
satyajit.menon@mu-sigma.com:Musigma2
nk@7nodes.com:Vtpillai06@
balamani@aggenome.com:Agri_123
c.chinnappa@tcs.com:Gxhblock@4
rahul.kalburgi@aequs.com:Aequspl@12
ramchandrarao@indoschottle.com:Ind#1234
sathyanarayana.r@sonata-software.com:Rama@1234
vm.pol@vpindustries.co.in:Vpaero@5634
radhakrishnan.r@ab-inbev.com:Global@10
aramanar@Brocade.com:Brocade@4
info@alephix.com:ALEPHIX
chacko@cynere.com:cynere123
ananthds@cadence.com:Cadence@2019
devanshi@ansrconsulting.com:Gwgbsipl@123
anthony@ujwal.biz:Aditi@123
pala@teamhgs.com:hgs2
rajneesh.jain@rockwellcollins.com:rockbangalore
mahendra.rawat@navigantbpm.com:Navcsez@2019
srinivas.kandula@capgemini.com:Jan@2019
noblejames@reizendconsultants.com:REIZEND
n.jehangir@nestgroup.net:January@2019
mkrishna@suyati.com:Suyathi@321
sasi@qwaveinc.in:Qwave@123
devi@dazeworks.com:dazeworks
cviegas@in.rm.com:Accounts@111
madhavan.nampoothiry@allianzcornhill.co.in:Alliance*123
ceo@esc-ind.com:Esc@12345
accounts@qburst.com:Qburst3*
girish.kumar@ergonomicscit.com:ergonomics
Suresha.k@LntTechservices.com:Landts@3
vidhi.jethanandani@dyn-intl.com:Dyncorp#123
statutory.SEZ@quest-global.com:Quest@678
lalit.ahuja@ansrconsulting.com:Jcp@1234
ravindran.palaniappan@altimetrik.com:altimetrik
Suresha.k@LntTechservices.com:Landtssez@4
venkat.naraina@seagate.com:#Seagate1$
padma.reddy@softwareag.com:Software@123
dl_india_finance@cerner.com:Cerner@U3
pagu@danskebank.dk:Danske@123
sundeep.bedi@shell.com:Shell@123
vishal_sikka@infosys.com:Rmzsez@01
pradeep@unipower.co.in:Unipower@10
rjaydev@gmail.com:Jjper@321
sajimon.david@zerone-consultiing.com:Zerone.01
uscord@gmail.com:Usb@1000
arun@idfsgroup.com:Infinity@1
akella.prakasarao@biocon.com:Bbil2@U2
tax.dbsipl@diageo.com:Dbsipl@123
Rajib_Roy@infosys.com:infosyskarle
jthekkoote@opentrends.net:opentrends
ajay@uvionicstech.com:uvionix
Rajib_Roy@infosys.com:Milestone@01
beloyn@idatalytics.com:idata2
ka.chinnappa@tcs.com:Victor@5
t.varghese@drd.co.in:Ouseph05@
saravana.ponnuswamy@xerox.com:Xtsi&2017
shabil@nordencommunication.com:norden
shams@abzer.com:Abzer01@
saneesh@incrediblevisibility.com:incredible
vsk@uniquetooling.com:Unique@123
nitin.dhavale@xe02.ey.com:#Eyllp@123
jay.bhow@lithium.com:Vistra$321
Sriram.Krishnan@msg-global.com:Msgglobal1!
mukesh.kedia@hbc.com:Hudson@123
legal@ekaplus.com:Ekaanalyticssez
r.mundhra@zensar.com:zensar
george@feathersoft.com:fs1128400@
accounts@qburst.com:Qburstlulu*1
anija.susan@fingent.com:Fgs123!@#
jerry.williams@theory-y.com:Theory05@
abk@geojit.com:Anil@1234
bdnaindia@businessdna.ae:BUSDNA@2019i
venu.kalapala@cloudium.io:Cloudium@19
reuben.verghese@diagnal.com:diagt_2016
purchase@dentcaredental.com:Jesus@1234
arun.barathi@idfsgroup.com:Sree@1234
accts@amazingglove.com:amrubber
jimnatt@gmail.com:Innovate@12
sasi@technowaysoftware.com:Tech@9447
br.jayakumar@slkgroup.com:Slk@unit123
askus@infosys.com:#Jan@2019
br.jayakumar@slkgroup.com:Slk@unit234
vlakshminarayanaiyer@rocketsoftware.com:Rocket@2019
latha.lakshmi@nestgroup.net:Sfotech@2
jiju.george@broadcom.com:Broadcom@18%
jiju.george@broadcom.com:Emulex@18%
jiju.george@broadcom.com:$Mpr_2019
surojit.modak@clairvolex.com:Clair@2019
rohit.pandya@xyleminc.com:Xylem@123
Rajib_Roy@infosys.com:Ibpmmile@02
rajesh@rckr.com:rckr123
rahul.u@ignitho.com:Ignitho
nitin.dhavale@XE02.ey.com:GDSKinfra@1
Rajnish.Mohan@evry.com:P@ssword1
kgeorge@valorem.com:Valorem@123
nitin.dhavale@xe02.ey.com:#Eygds@123
Girish.Agarwal@ibsplc.com:Ibs#1234
lakshmi.k@ansr.com:Ascena@123
mohan_ram@microfocus.com:entcosoft
abhishek.chowdhary@tivo.com:TiVotech@123
inder.gulati@powerschool.com:Power@123
ashok.kumar@lntinfotech.com:Lndinft@18
nitin.dhavale@XE02.ey.com:Smart@123
anup@sapaad.com:Sapaad@2018
nitin.dhavale@XE02.ey.com:GDSCarni@1
finance@mariapps.com:Carnival@4
hari@qcadinc.com:Qcad@123
Brian.Bledsoe@ellucian.com:Ellucian#123
md@leoway.co.in:Leoway@2019
ariel@gwtin.com:Ginat@123
renjith@emsoftech.com:Tech@123
Lalitha_Indrakanti@cargill.com:Cargill@123
Ragendramish@micron.com:Moi@1234
malahar.pinnelli@ecolab.com:Abcd123$
puneet.malhotra@socgen.com:Socgen@123
Nitin.Rakesh@mphasis.com:Sathyams@1
mohemmed.a.ansari@boeing.com:Boeing@2019
prameshwar.bhat@lnttechservices.com:Lntpritech@1
kumarb.ravi@legatohealthtech.com:Legato@123
Abhilash.Raghavan@ansr.com:Falabella@12
Nikhil.agrawal@ansr.com:Kas!2019
suresh.kumar@csgi.com:Csg@2018
suresh.kumar@csgi.com:Sez@2018
Nagendra.Nyamgondalu@Honeywell.com:Comdev@3
Anand.Shukla@garrettmotion.com:Vocollect@12
UKUMAR@ATLASSIAN.COM:Stream#1234
sraman@extremenetworks.com:Enet#2019@
derrick@simelabs.com:sine123
deepthy@zealogics.com:Zealogics02@
hprasad@hrblock.com:Accounts@123
akella.prakasarao@biocon.com:Bbil01@U1
sajith@flatworldaccounting.com:Sajith123@
tataceramics@asianetindia.com:Tata901890#
rajendran.sehl@defsys.co.in:Spiral@123
madhu@vishaalnatural.com:Vishaal8@
logistics@nashindia.com:N@sh1234
mgandhi@verga.biz:Averga@12z
anand@projectpeople.com:proje123
sankar.mathur@welburncandles.com:Welburn@12
arun.reddy@globalgreengroup.com:GGCLka@2018
suresh@molecularconnections.com:Finance@123
allkoshys@vsnl.com:Allkoshys1@
kjravikumar@genie-toys.com:body11990
nishantexport@yahoo.co.in:Nishant@123
rupesh@codework-solutions.com:codework
biz@matwallah.com:7zubin77
geetha@dcmills.net:Dcmills#1
Joby.Joseph@akay-group.com:AkayPTA@1993
manoj@spectrum.net.in:spectrum170199
info@sgvfluidcontrols.com:sezSGV#911
admin-india@logicpond.com:Lpt@*5250
jjdental@yahoo.com:Jiju2019@
ramadas.a@avtnatural.com:AVTnpl@2019
sachexim@vsnl.com:Cmrl@1234
coirtuftintl@gmail.com:coirtuft
george.varghese@ejyothi.com:Ejyothi_1@
prakash.balakrishnan@tgbl.com:Export@1001
pavithran@spectrum.net.in:tmmc1917
joshy@igcl.om:Carbon@2019
info@aromaticingredients.in:Cochin@123
bashpinternationalindia@gmail.com:bashpintl
dilip@pooppallycoir.com:cARNATIC#1
hankooklatex@gmail.com:Hankook@2018
pgt_samrat@sancharnet.in:samrat
mail@activechar.com:Acpl@321
naina@crustncrumb.com:Cnc2017@
devan@cocotuft.com:Cocotuft123*
info@spectadecor.com:Specta*123
accounts@softscribellc.com:softscribe
arun@jacobsonsi.com:jacobsons
sheveroy@eth.net :LJ-eou123
craft@indroyal.com:ATTACK
cocolatex@duroflexindia.in:Coco@1703
michael@dcmills.net:Det#1234
mkrishna@suyati.com:Suyatitec1*
johnsgrp@sancharnet.in:Eou@johns123
stkywct@aol.com:Class123
mmvchem@gmail.com:spiceor
purchase@ramcoir.com:ramCoir
doc@bosnatural.com:C@ez*2019
tenzing@vklspices.com:Vklsngs*1
balakrishnan@genie-toys.com:bodygearssk
Dinil.tb@akay-group.com:India*2014
fm@sancepharma.com:Sance@123
jollyflex@gmail.com:Jolly1218@
apanakkat@gmail.com:ashif123
kantifloor@vsnl.com:KSundar321*
paul@leetha.com:Leetha123@
goodacre@vsnl.com:goodacre
jnbpalakkad@gmail.com:jnbpkd
ajcthrissur@gmail.com:Aiswa123
info@alleppeyfibretuft.com:Aft@2019
signaturefoam@gmail.com:sigfoam
biju@vofoxsolutions.com:vofox
hameed@zhholdings.com:Z&h12345
binu.kp@gstiindia.com:Gsti@123
gamatechnik@gmail.com:Kct17272*
vipin.bhaskaran@softwareag.com:dfisoftware
baburaj@plantlipids.com:2019@Lipids#
durgaexports@bsnl.in:DURGA123
anantharaman@avtspice.com:AVTmcc@1993
ecomills@gmail.com:Loom@shan1
enjayesspice@sify.com:enjay374
anish.thomas@plantlipids.com:Eoudiv606@
vishwanathan@karan-carpets.com:Tac@1927
ramesh@jayanti.com:JAY@ippl123
aju.geo@gmail.com:suitsindia
CEO@AMSTORGLOBAL.COM:amstor
vvs@extraweave.com:Eweave@2019
jiji@zebalabs.com:Zebaxyz@2019
raji.pt@tataglobalbeverages.com:Tgbl@2019
eldho_kp@yahoo.com:Metalland12*
dineshraj.rays@gmail.com:Hassoun12#
utm@utm.co.in:123Jsml!
praneet@veerometals.com:Veer1234*
rshetty@diagnosys.com:2019*Diagn
unnayan@kumarorganic.net:kopres
nvasu@travtech.com:travtech
msundaresh@zeomega.com:Zeomega@123
ajita.hr@tamlindia.com:Taml@2018
ashokudpikar@yahoo.co.in:Impex@9#
r.krishna@solidushitech.com:Solid@123
oriental_granites@yahoo.com:Gic@1234*
deepaka.tulupule@optum.com:Optum@123
babu@pointecpen.com:Point@123
sridharshetty@su-raj.com:suraj
sunilrco@gmail.com:Recaero@123
gururaj@milestonegloballimited.com:Msgl@1990
narasingha@svgexports.com:Svge@117
prasad@powersem.in:PsmBlr09$
info@paloma.in:Paloma@2019
mariyappan@ho.psagroupindia.in:Iaepl@2005
bapus@timken.com:Srinath@70
yreddy1@apotex.co.in:Apotex@2019
umesh@mspllimited.com:Mspl@123
accounts@e-softsys.com:globale
raghav.suvarna@softtek.com:Stk0510$
prakash.mallappa@greensorganics.in:greenorg4
kamath@primacyind.com:Primacy*124
accounts@ceeta.com:Ceeta$2019
tfernandes@broadsoft.com:portal
sales@suturesin.com:Sutu@2005
contact@aluware.in:Aluware@123
akshay@orbismedia.in:orbismedia
bhemachandrap@moog.com:Moog@1234
lekshman@bnr-group.com:BNREXP
Nagabushana.Reddy@lifetech.com:Invt@123
schandra@flexsiltech.com:agflex
exports.ananya@gmail.com:Ganapathy1##
kvprashanth@biessemnfg.com:Biess@2019
shivaswamy_bs@ndvor.com:Ndvor@321
Indirect_taxation@mel.org.in:Miner123
cmimm.cmd@hal-india.com:Acd@1234
dineshan.p@primebulkliners.com:Signode@123
prasad.dse@kemwellpharma.com:Kemwell@123
sanjay.thapaliya@csccn.com:Adams_12
accountsmanager@texshade.in:Texshade
vasuki@ifgindia.com:ifginno
ramakrishna.k@iampl.co.in:Iampl@2010
aravind.menon@momentive.com:Momentive@12
asrinivasarao@pranitaengineering.com:PRANI123
cdsouza@tonboimaging.com:Tonbo@123
kalyan@kattima.com:KATTI123
kiranagrotec@gmail.com:kiranagro
hari.puravankara@gmail.com:csez
saroj.prusty@necindia.in:necindia
subramanyam@olivelifesciences.com:OLIVE123
ketan@indoswissltd.com:Sumathi@123
amit@ecovinalinternational.com:#Energy123
brightagrotech@gmail.com:Bright@2011
koraddi@wireformindia.com:Wireform@123
deepak@servocontrolsindia.com:Saipl@2020
venkatesh@rivianafoods.in:Riviana@123
manimaran.s@sefee-amphenol.com:Amphenol@14
sujoy@silabtech.com:Silab$123
rohan@attero.in:Atter123
info@gvkbio.com:GVK B123
vmurthy984@yahoo.com:Annad123
Dwarakanath_Ramaswamy@amat.com:Amat@12345
vpsoni@si2microsystems.com:Dspl123@eou
rhollikeri@imaginetechservices.org:Imagine@123
lijo.varghese@wescoair.com:Wesco@1234
accounts2@chemizol.com:chemizollub
info@dvkarthikgranites.in:dvkarthik
sramanathan@beckman.com:Beckman@1234
yogesha.k@bluefishpharma.com:Bluefish1#
bestvegagri@gmail.com:BEST 123
vmn@flowservemicrofinish.com:Sainath@1
suranajb@gmail.com:PRECISION
vaproducts2009@gmail.com:vaproducts
govind_tk@hikal.com:Hikal123$
shivaramp@vegola.com:Mission2025*
sudha.ashok@gm.com:Gm@12345
hanumantharaju_t@jubilantbiosys.com:Jubilant@1
agm_imm_ac@hal-india.com:C$ez@24068
INFO@GLITTEK.COM:Glittek@123
priyag@essilor.in:Essilor123#
SJ0802004@YAHOO.CO.IN:Prosetta@23
mohan@hhvsolar.com:Swees_12
garden_cty@yahoo.co.in:gardencty
accounts@eri.co.in:Eri123@@@
jnandish@hotmail.com:danatrol
RAMH@novozymes.com:Novo@1234
nagarwal@spipharma.com:SPIidc@400
anand.s@hampson.in:hampson
info@metcanpacks.com:1Metcan$
eou.blr@sonarome.com:Sona@35789
sudha.rao@genotypic.co.in:Geno@1998
rcicpl144@144.co.in:Rcicpl@231
sujatha@thoughtfocus.com:Thought@123
ksmanjoo@gmail.com:dacss123
info@hobelflex.com:*1Hfiblr
rsham@te.com:Tecil@2019
anuj@amitronics.org:JJGlass@123
ramkrishnan.k@anthembio.com:Anthem@123
ejkulkarni@hotmail.com:Satchi@321
samrat.banerjee@cornelius.com:Marmon@2019
hari1529@gmail.com:rrind123
sharad@embitel.com:Embitel2019*
eouexcise@vbshilpa.com:Shilpa@2018
bala@jjexporter.in:pooja
yogesh@metalclosures.com:mettle
msubramanyam@samilabs.com:Sami@1988
pkrishna136@yahoo.co.uk:shivasankar
uday@brainchamber.net:BRAIN123
anilkumar.m@med.ge.com:Pa55word$
suresh@srinandigroup.com:solar123
sreeasirwad@msn.com:sree@B-145
praveer@prakruti.com:Prathvi#04
sales@numato.com:Csez@2019
nagaraj.r@stridesshasun.com:Highe123
ntshekar@solara.oc.in:Solara@2019
taramallaiah@uniqtronics.com:Muni@1978
rmallemputi@cronusresearch.com:Cronu123
ram@jaccana.com:JACCA123
cvsunil@hpe.com:Entco@2405
abhilash.v@axiscades.com:Axis@2001
ppsurendranath@gmail.com:Best@123$
babu@datagres.com:Datagress@12
pawanmig@hotmail.com:inagrinova
kunalpancholia@gmail.com:LOTUS123
BILIGIRI@GMAIL.COM:South123
rohini.bm@aerocomponentsindia.com:Aerocomp@123
prabhakar.avatapalli@dcxindia.com:Dcx@123456
mane@jpantubular.com:Jpanblr@2016
sreddy@kaveritelecoms.com:KAVER123
raghavendra@kosherpickle.net:KOSHER
rvegi@flowserve.com:flows2
avsfoodsindiapltd@gmail.com:1Avsfoods#
sridhar.nagaraj@semaconnect.com:Sema123$
raghavendrar@te.com:Dipc@2019
mm_prabhu@hotmail.com:jaisree
raghavendra.g@sabic.com:Sabic@123
kapel@simplexsol.com:SIMPL123
tshantu@yahoo.com:Svve@2019
rakesh@bclindia.in:Althera@123
sandeepdb@gmail.com:Sandeep@123
info@aakaratechnologies.com:Aakara@2019
JJones@cisww.com:CISWW123
nishad.m@activechar.com:Csplpvt03#
prathyush@mayithara.in:Mhd@eou1
ncj@vsnl.com:Ncj1949*
Joby.Joseph@akay-group.com:Akaycu@2006
noby@kerafibertex.com:Kera@12345
rajiv@synthite.com:Eousyn@123
info@mankospices.com:Manko@5593
commercials@eliteindia.com:Elite@2019
mgr@unipower.co.in:Unipower@10
shijumathew@zionrubbers.com:zionpkd
prasanth@synthite.com:Synthite@123
shijumathew@zionrubbers.com:zion
jjimplants@gmail.com:Jjimp@2019
raghu@avalontec.com:avalontec
indowesternagroexports@gmail.com:INDO 123
svesteelblades@gmail.com:svesteel
Kirankumar.GN@ge.com:Jfwtc@123
harsha.bs@rangsons-schuster.com:Rangsons@17
Nataraj.ac@methode.com:Methode@2019
commercial@kaynesinterconnection.com:Kaynes@123
deprocon.controls@gmail.com:DEPRO123
Kurnool.Manjunath@zeiss.com:CarlZeiss
baskar@fortiusitindia.com:Forti123
renukesh@gmail.com:FINE 123
srinivasan.v@rosselltechsys.com:Rossell@100
SShanmu1@ra.rockwell.com:Rockwell123@
granite@blr.vsnl.net.in:Rk@21rashi
mmkumar@oppi.ttp.co.in:Owari@123
sowkyashri@yahoo.com:dvgsterli
prashant@rajeshindia.com:rajeshexports
greenagro@airtelmail.in:Pack@123am
priya@trivenihitech.com:T$ri@94402
giri@bggranites.com:Vak@230033
svkagritech2@gmail.com:agritech
blossomshowersagro@yahoo.com:blossomshoweragro
eshwaran@suprajit.com:Supra@09
subramani.a@yagachi-vidyunmaan.com:Ytpl@2019
THYAGARAJAN.TRICHY@AVIOHELITRONICS.COM:Pradeep123!
narayanarao.a@hical.com:Htpl@2019
satyadeeptha@gmail.com:Satya@rk22
kantharaj@iap-india.com:M/s. 123
bhushana@ves.io:Volterra@123
neelreddy2002@yahoo.com:Wire@123
porluck@Orluckind.com:ORLUC123
mhullamanifreshgreen@rediffmail.com:freshgreen
ramadas.a@avtnatural.com:Avttip*123
srbhandary@elastosacia.in:ELAST123
srinath@indisphere.com:INDIS123
naturagranites@gmail.com:Ashish_36
shivananjappahs@alpha-elsec.com:Alpha@321
anirban.bhattacharya@zumutor.com:Zumutor@123
suresh@molecularconnections.com:C$ez@51717
diwakar.nb@cintellisys.com:Naga@1234
raman@cocogreen.in:SARA 123
ganpatiexports1957@gmail.com:Gexports@123
chandrashekhar.mg@manipalgroup.info:Canara@5151
kulal@adi-emt.com:adiemt10*1A
casaravanan@laxmielectronics.com:LAXMIELE
kgk@hamiltonapparatus.com:hamilton
shekar@ecovinalinternational.com:#Energy1234
pramodkumar@vbshilpa.com:Raich@123
imm_store.engines@hal-india.com:halindia
Prem.Chand@carclo.com:Ctpeou@123
shanmugakani@bharatishipyard.com:Bharati76$
hsbfoods@gmail.com:hsbfoods
pratik@real-time.co.in:gizmosoft
sukeerthi@adtl.co.in:Alpha@123
prakashgowda8@gmail.com:Krushi@2019
magnoliasale@yahoo.com:MAGNO123
arrs@breakpath.com:Breakpath
taxation@sasmos.com:Sasmo@233
srinivasan@gea.com:Geablr@2019
info@hmgstones.com:HGeou@2017
shettigar@tkap.co.in:Toyota@123
roshan.khader@nestgroup.net:Nest@123
sunilkumar.g@medreich.com:Medreich@123
ashetty@apotex.co.in:Apotex@123
gagan.sahni@adi-mps.com:Mpsltd@123
kcaggarwal@msew.motherson.com:motherson
nmurthy@gokaldas.com:Uthappa#123
sagi.s@sailife.com:Sailife#04#
pr@seenuprecision.com:Rewdale@1234
prakash.mallappa@greensorganics.in:Greens@2019
bharathi_hassan@yahoo.co.in:Sunstar1$
ramu@karlegroup.com:Ltkarleco1$
contact@harlequingranit.com:harlequin
ztco2000@yahoo.com:ca7707
info@vidyaherbs.com:VHPLcsez@19
imports.malpe@tebma.com:tebma
vg@vbspl.com:opulent0321
meeraexportsindia@gmail.com:MEERA123
induchoodan.a@gokaldasexports.com:Gea@ind73
manju300784@gmail.com:kaveri
shashi@patilcp.com:ImagE@007
tajanwar@softwaysolutions.com:Open@1010
sondur@mymowireless.com:MyMo@123
manoj.kumar@saankhyalabs.com:Saankhya@123
cfo@satvicfoods.in:RbV*#36K
indianfood@mac.com:Dsaj2019#
g.tankasali@castsoftware.com:Cast@2020
jadarky@yahoo.co.in:Fgaepl@14
girish@vegpro.in:Vegpro@2014
admin@jpglobalfoods.com:!@Rishon2003
mnagaraj@moog.com:Moogindia1#
director@aerotreatments.com:atpl2014
murali@victuzexports.com:VICTU123
rv@graniteriverlabs.com:Granite$123
accounts2@chemizol.com:Chem@cgtc1
govindrajshetty11@gmail.com:uagro
susheela.ck@sasmos.com:Fokker@163
murthy@sdtc.co.in:Cabelas@2019
hqfinance@medgenome.com:Medge@123
narayanarao.a@hical.com:Hnse@2019
info@ankitaerosapce.com:Ankit@123
aruntech123@yahoo.com:Ils@2019
nagaraj@stornetware.com:stornetware
vishwanath.poojary@cyient.com:Cyient@123
ramaswamy@nashindia.com:N@sh1234
jmjagroexports@gmail.com:JMJ A123
venkat03041973@gmail.com:SUMUK123
sosipl.ho@gmail.com:shivaorn
lkprasad@acceleronlabs.com:ACCEL123
bhaskar@hm-bangalore.com:HOMAG123
trivikramaraov@lavellenetworks.com:Lavelle@123
Durgaprasad.annavajjula@stelis.com:Stelis@123
ravi.p@sequent.in:Seq@12345
MARUTHIVEGITABLES11@GMAIL.COM:maruti123
n.ramesh@haselmeier.com:Ramesh@123
bharath.venkatagiri@celliber.com:Celliber_1
info@karuturi.com:KARUT123
sathya.gr@suturesindia.com:Kuni@2017
girish@marcatusqed.com:M/s. 123
psr@dynamatics.net:DYNAM123
rshegde@hotmail.com:ORCID123
anoop.thampy@dopag.in:HILGE123
business@plasmaprecision.com:plasmaeou
nagaraj.r@stridesshasun.com:Strides@1
nagaraj.r@stridesarco.com:Spslodf@123
semlergst@semlerresearch.com:Semler@2006
info@chiramithindia.com:Chiramith12*
sukanta@apfeou.com:apfash
accounts@reielectronics.com:reie123
sandeep@chariotinternational.com:Cipl1234@
ravishankar.s@schmetz.com:Schmetz2007&
debashish.sheel@machaero.in:Macpl@123
balu@ibexengineering.com:Hcmibex@123
vsridhar@fibresnfabrics.com:Jeans@2004
anand@katra.biz:Katra@2019
rmurthy@lulu.com:ugeni123
savitha@zakinlbiotech.com:abhimanyu27
customs@pacificgranites.com:blR@1234
cs@kioclltd.com:Kiocl@2019
mg@lmwindpower.com:LMtci@311207
ravikanth_m@aurigene.com:Adtl@1234
Nagaraju.Penmetsa@cipla.com:Cipla@123
importexport@kumarorganic.net:Eou@2019
info@hothurtraderseou.com:hothur
commercial@samilabs.com:Sami@123
balakrishnarao@naturalremedy.com:NRPLad!123
mahesh.gaonkar@coreel.com:CG-CoreEl
shetty@crystalgranite.com:Shetty@123$
jobins.mathew@mylan.com:Mylansff@12
krishnagopal.p@saint-gobain.com:SaintG@123
aslamsyed@oncomwireless.in:oncomwireless
vikram.jn@britishengines.com:British#321$
Chandrakanth.p@cargill.com:Vetcare@123
manishsp@cipla.com:Cipla@105
k.srinivasan@allgosystems.com:Allgo2019!
custom@silvercrest.in:Silver123@
mahesh@malema.com:Msipl@06
amarnath.shankar@avaiinfotech.com:avani123
boommen@drirelays.net:Driindia@123
rajiv.chawla@kepl-india.com:Kewal@03
custom@silvercrest.in:Scplcsc@123
v.narendrakumar@akzonobel.com:Akzo@2019
jagadeesh@julabosiskin.com:jsa
rahul.kalburgi@aequs.com:quest123
pradeep@dfmtec.com:@Neel1918@
jobins.mathew@mylan.com:Mylancep@12
jobins.mathew@mylan.com:Mylanonco@12
SUJAYKANTH@ESSLLC.COM:moham
elsurepointing@elsu.com:elsusuresh
yogesh@bilztool.com:Bilz*230403
nitin@si2micro.com:Si2micro@eou
jobins.mathew@mylan.com:Mylanrd@12
shiri@reitzel.in:Reitzel@123
sumesh.kolankunnil@lifestyles.com:Sumeshkr@1
ashetty@apotex.co.in:Apotex@2
commercial@samilabs.com:Sami@dob123
shande@anzintl.com:anzcsez
srinivas_bv@jubl.com:Jubilant@123
ishwar@thermometrics.in:Etipl2007$
raj@deccanmining.com:deccan
nagesh.p@safranhal.com:Snecma@123
AROMAL@CARMATEC.COM:carma123
nitin@gtvtld.com:Kmarble@123
vmn@flowservemicrofinish.com:Fmvpl2019@
babu@macerauto.com:Macer@123
accounts@ilcindustries.com:ilceou123
vasanth@bioplus.in/ramesh.salian@bioplus.in:Bioplus2019*
sreelakshmivajapeyum@astrazeneca.com:intellectual
custom@silvercrest.in:Scpleou@123
sanjeev@sasprecision.com:Akshay1$
jganapathy@alent.com:Cook@4321
mail@unipick.in:Unicorn@1234
accounts@triesta.com:tries123
smp@neofoods.co.in:Foods@19
murali@avasarala.com:avasarala
accounts@gangagen.com:Gangabio*125
shagilindia@gmail.com:Shagil@2019
sunil@ovobelfoods.com:Ovobel@123
jobins.mathew@mylan.com:Mylanbld@12
somanna@sterlingagro.com:sterling
rajulP@bharatsilks.com:Bharat@123
aramanar@Brocade.com:broca123
Vivekexports@rediffmail.com:Nkumar@123
info@flavorchemindia.com:Flavorchem
soundhar@kalpatharunaturals.com:kal@U-76
info@hjsgrp.com/pashaarshadhjs@gmail.com:hjst
VENKAT@FORGEPRO.NET:Forgepro@111
eclipseshoes@yahoo.co.in:Shoes@2019
bayirche@gmail.com:Bayir@123
harish@stopak.com:Stopak@987
shagilindia@hotmail.com:Shagil@19
mb.chinappa@syngeneintl.com:Biocon@123
jignesh@orientalaromatics.com:orientalaromatics
tnp@wave-mechanics.com:Waveme@ch123
Nagabushana.reddy@thermofisher.com:Invt@123
koushik@satvayur.com:Sachin12#
rajan.batra@smcltd.com:Smc#5354
vijyandar.giridharrao@hpe.com:Hpiso@*1234
umashankar@adityaauto.com:Aditya12@
kaushik.chatterjee@gmail.com:riyaphoto
cspl@chrysalissilks.com:Admin123*
pradeepm@edgmapgis.com:Edgem@19
preethigranite@yahoo.com:Jrn@expo92
yogisha.mb@tetpl.in:retpltumkur2011
zenithtextile@vsnl.com:Zenith@1996
bala@utdmotors.in:united123
mksomanna@sterlingagro.com:planet
rajendran22@gmail.com:Green123*
abdulla.jamal@bevelgearsindia.com:Karnataka2$
praksh.mallappa@greensorganics.in:Greens@2019
Brao@flowserve.com:Flow123@
chris.rao@goodrich.com:Goodrich1!
jagannath@optoindia.com:Ociun2k@34
C.Blaise@geind.ge.com:Gebe@ltd97
pradeep@koelemanindia.net:Koeleman123$
shekar@ecovinalinternational.com:#Energy12345
vakkalimpex@yahoo.com:M/s V123
manzoor@kenagritech.com:Agriken#123
jobins.mathew@mylan.com:Mylanspd@15
accounts@cimtoolsindia.com:Ils@2019
exoticagro@yahoo.co.in:Exotic@u2
deepa@hyperdriveinfotech.com:HyperDrive
hemanth.b@sequent.in:Solara@123
ramu@karlegroup.com:Karleint1$
exim.sal@suprajit.com:Sapl#2019@25
admin@bulkpackindia.com:BULKpack485$
giristones@yahoo.co.in:Giri#1966
drnagegowda@yahoo.com:Greenp1*
mmanjunath@armstrongfluidtechnology.com:strongarm