juliek@elegantadditions.net:Highend1
Debby@StehrEnterprises.com:debbystehr
faye@dhbyfaye.com:f453bc
jeff@remcraft.com:62c9de
jgregg@colonialbronze.com:bronze491
jbarwick@omniaindustries.com:alberto11
tcarter@carterhardware.com:bigchez1
john@theplumbingplace.com:Smittyman5678
rw@customhardware.net:DoItBetter4
barry@unionhardware.com:spunky
dino@americh.com:americh
dreinert@mrsteam.com:Mr
tbabij@berensonhardware.com:berenson
jbabbitt@dpha.net:dpha2010
dsanoelj@gmail.com:dsa5757
josef.moskovic@fvsa.com:65escott
marshall@in2aqua.com:in2aqua2014
alan@capitolhardware.com:453712
wendi.ziegler@kohler.com:robern
aabel@watermark-designs.com:abel7377
samm@birdsalesinc.com:zachary00
matthew.olson@jacksonshardware.com:jacksons
info@pfhco.com:Period2987
michael.milton@samuel-heath.com:1Viking1
marka@associatedsalesdp.com:garmor195457
michaelz@stoneforest.com:stone
tcopeland@acs-specification.com:montecito2013
russ@snyderdiamond.com:SD1399
mark@thebrasscenter.com:BRASS1943
tonyam@prosourcesupply.com:Prosource1
musso@italbrassgroup.com:071950
pamo@rampartsupply.com:rampart1234
kayepowell.316@gmail.com:0DF81B
joann@immersestl.com:Maxivy1952
thomas@thomasramos.com:trco16
bob@hastingstilebath.com:bobgif
bob@santafebydesign.com:19leedot50
jerry@wmsdr.com:bear2327
ravery@pinnaclesalesgroup.com:psg1980
garye@renmolding.com:gokingsgo!!
henry@happysellingassociates.com:podolsky
joeldoliner@gmail.com:171717Jd
mary@premier-mktg.net:97f727
betsy@tkoassoc.com:tkoassoc
sdphweb@gmail.com:pichi2010
jeff@calfaucets.com:nodrip
ralphsevinor@salemplumbing.com:salemwitch
jeff@advanceplumbing.com:toto1920
judyk@gerhardsstore.com:3362133Jk
ffelder@simonsupply.com:felder
cderond@silvercreeksupply.com:NicoPocatello2
dan@creativebathsales.com:creative
jonathanw@brasstech.com:brasstech
sjenkinson@barwil.co.uk:Witter9455
gparent@ad-waters.com:membership1
jeremys@centralazsupply.com:CentralAZ1
kim@theraincompany.com:rain
jackfase@alnoinc.com:faccia
kavery@jlkbg.com:jlkbg2500
ken@excel-plumbing.com:Excel1028
bill@tsg-agency.com:sales
jselzer@morsco.com:Morrison
wendy@sierrawestmarketing.com:Tacoma2420
jw@jaclo.com:stillhere
steven@firstimpressionsint.com:fii
jerry@creativebathsales.com:XAVIER2011
sbaker@crescent-supply.com:crescent
jhass@amerec.com:baseball
kate.brady@genpl.com:General67
larryb@jaclo.com:Deadhead
steve@modernplumbing.biz:modern
mhobbs@carrcompany.com:carr
glenn@georgemorlan.com:morlan
linda@jenningsandcompany.com:jennings
eatjud@thefixturegallery.com:zachj2
jon@frankallart.com:frankallart
vicki@millershardware.com:millers
rene@linkasink.com:8011rd8011
naomi@nativetrails.net:nativetrails
barbara@ddisys.com:ddi
paul@moxiesales.com:korman
sam@level5sm.com:020256sc
mireillecouture@oceaniabaths.com:oceaniabaths1
tbrown@emersonswan.com:trek2000
philsherer@masterpiecelighting.com:Pmzsss87
wayne@architecturalelegance.com:wcf1958
Ziggy.kulig@graff-faucets.com:weingibz
mkuller@pacesupply.com:jive95
sbass@hubbardpipeandsupply.com:Hubbard
Ladybugcarpediem@aol.com:greenwood154
wmetzger@nostalgicwarehouse.com:NW4607
faith.walker@danze.com:reef2011
cordav@supplyne.com:supply
gina@duverre.com:3e6aeb
LAllen@gessi.com:30a6b5
egoldman@purcellmurray.com:gold1man
jimmy@astrodesigncentre.com:ottawa
jcoberley@crawfordsupply.com:crawford
mark@ardente.com:ardente1
john@parksdecorative.com:Parks1220
debbie@eleganthardware.com:millers
sbutler@sigmafaucet.com:picasso
DAVID@UHI.COM:imback
bob@modernplumbing.biz:modern
dfiddler@fiddlershawaii.com:madison
alan@premier-mktg.net:mbl33kdl
douglash@westheimerplumbing.com:Meganrice09
markr@rohlhome.com:614712
noah@calfaucets.com:obnetwork
frederick@calfaucets.com:4487302
morellana@mrsteam.com:steam123
annawilliams@barclayproducts.com:tina1969
randym@rohlhome.com:rohlhome
staceysinger@alnoinc.com:Aalno8725
JEVASCO@FVSA.COM:3dd310
agc@omniaindustries.com:omnia1
dennis@tcbsalesinc.com:dmezz
martin@martinsiwy.com:6427610
michaelc@stoneforest.com:Ck3Larg!
nick@frankallart.com:Chief1955
gmoock@willisklein.com:willis
cindy.welsh@hansgrohe.com:instock
marya@westheimerplumbing.com:west3590
hopek@cfl.rr.com:podolsky
oliver.bleich@keuco.com:!Dpha2019!
nick.webster@samuel-heath.com:ramsfan1972
dperry@carrcompany.com:carr
joans@associatedsalesdp.com:associated
smickelson@bathsplashshowroom.com:manudges888
jcarney@steamist.com:JjC0919810
rcisneros@trimbydesign.com:1026gerhart
donna@creativebathsales.com:fb5dad
e.rovner@verizon.net:fd2a2e
kathy@bestplumbing.com:roxy2566
kathy@piercehardware.com:phoebe55
dennis@deesirableproductsales.com:hot126
erin@piercehardware.com:Mydpha1937
jeff.bierman@elkay.com:jakeen2189
jerry@berensonhardware.com:christensen
james@fairmontdesigns.com:4fairmont
scampbell@brasstech.com:brasstech
cdph@tranquility.net:misdora1
info@abp-beyerle.de:beyerle
dacrossley@gmail.com:6606
ethorpe@brasstech.com:dpha
gquercio@brasstech.com:ginger
arykus1120@aol.com:cowboy1120
sdangelo@morsco.com:morrison
druryd@AmericanStandard.com:0c2a2f
larry@millershardware.com:CHARLIE
ted@western-sales.com:1313dpha
Lori@HPAsales.com:podolsky
Maggie@advanceplumbing.com:advance
gmoock@willisklein.com:wk4041wpr
ray@whiteheadsales.com:ray5366
c.carroll@acmemfgco.com:nostalgic
bob@ultimatemarketinginc.com:a30ee1
avik@homeandstone.com:home
tmullally@mrsteam.com:graff
terri@jlongandassociates.com:Isla2015
jeff@tsg-agency.com:06140614
ffedewa@steamist.com:falcon
msevinorfeinberg@designerbath.com:guatemla123
upscalesales@comcast.net:waterclub8083
sdoyle@plumbery.com:plumbery1
tcohn@dpha.net:thanks
cynthia@nextgenerationmarketing.biz:zena0512
christy@sandpipersav.com:fireman
tbarker@amerec.com:peanut8484
tcutts@jlkbg.com:jacklondon
tdianda@jlkbg.com:jack
mbailey@jlkbg.com:49263d
tmaicher@blancoamerica.com:d70e16
brads@jcrdistributors.com:b4706030
marc@sunvalleybronze.com:Booboo4555
bmccormick@brasstech.com:dpha
kymberly@bestplg.com:bestplumbing1960
aloder@wilkinsonsupplyco.com:wilkinson1
olga@dpha.net:7900
alan@dpha.net:7900
llalande@systemeinc.com:systeme
mgoodall@brasstech.com:dpha
bkirk@brasstech.com:dpha
valeria@unionhardware.com:3802c8
m.wolinsky@wetstyle.ca:jori99
hamiltonm@americanstandard.com:jado
karen@dbandh.com:0d2ec6
twaters@brasstech.com:dpha
paul@ardente.com:waterspot
charleyf@coollinesusa.com:coollines
fsilva@simonsupply.com:newengland123456
pmartin@simonsupply.com:Paulshardware1
twhitehead@brasstech.com:dpha
llewis@brasstech.com:dpha
snichols@gingerco.com:dpha
jnorris@gingerco.com:dpha
aespinoza@brasstech.com:dpha
tcarr@brasstech.com:dpha
cmolina@brasstech.com:dpha
scampbell@brasstech.com:dpha
rmiller@brasstech.com:dpha
msee@brasstech.com:dpha
jimk@jcrdistributors.com:538cb2
zbaker@crescent-supply.com:e48c0e
genniejohnson@gmail.com:jibbitz77
maubin@bainultra.com:4aab7c
aclifford@willisklein.com:lexington
cphelps@willisklein.com:stmatthews
blake@tcbsalesinc.com:1020tcb
Loretta@dhbyfaye.com:b8a3b0
bgorelik@mrsteam.com:cali25
dfrankel@carterhardware.com:jojo1221
ckane@wilkinsonsupplyco.com:jonathan1
SalesStaff@unionhardware.com:all4staff
dklagenberg@pacesupply.com:DanKlag63
dantonisales@gmail.com:traci
e.bourgault@wetstyle.ca:Wetstyle0921
bbrown@pinnaclesalesgroup.com:995fc7
kate@dpha.net:7900
noelle@theplumbingplace.com:chellebell1212
scottyu@mila-international.com:sy7315
joy.meyers@elkay.com:2222camden
fuba@aol.com:atlarge
christian@thomasramos.com:MelaIris2
mreinmi318@aol.com:snowball
aaron@fixturesfittings.com:$4CopperTub
mwilkerson@berensonhardware.com:lovebug5
robsuri@hamiltonsinkler.com:hamiltonsinkler
mmatheus@hudsonvalleylighting.com:$sales0300
montgomeryt@americanstandard.com:bigdaddy
glenn.ridenour@keuco.com:flameon
rarroyo@lefroybrooksusa.com:lefroy10!
mario@sidler-international.com:neptun01
warren@topknobsusa.com:topknobs
legacyimaginginc@gmail.com:photobiz
Kkuske@purcellmurray.com:8beee5
info@fdistudio.com:b2f475
debbie@calfaucets.com:5271Dezi
anna@lacava.com:Lacava
dave.campos@genpl.com:d1234567
Darlene@ardente.com:waterspot
kandrews@omniaindustries.com:omnia
marie-helene@fleurco.com:fleurco
ben.newcombe@aco.com:showerdrain2018
jwelch@mtibaths.com:mtitubs
jtadams@morsco.com:morrison1917
IMatthee@dornbrachtgroup.com:tenere23
damato@dornbracht.com:newyork
christen.congleton@elkay.com:national-manager
nicole@clydehardware.com:faucet
MCeren@mtibaths.com:alex0415
jharris@fixturesliving.com:8cc35b
Jai.robinson@brizo.com:xavier721
donna@tcbsalesinc.com:50911
niwata@icerausa.com:sophie
kelli@wmsdr.com:chasecash
rlynch@artisansinks.com:babar3
colin@magruderassociates.com:projects
dustin@nativetrails.net:maestro9
nick@thermasol.com:Therm1958!
daled@associatedsalesdp.com:dadof3
tinas@calfaucets.com:7ff3a4
garvin@motifhardware.com:garvinb1
dionisia@thebrasscenter.com:631fef
nmucha@fairmontdesigns.com:udubpike
reg@theportlandgroup.com:714147
krista.rivers@franke.com:stainless
hpgianni@gmail.com:september5
phil@lutzplumbingonline.com:tenis1120
anthony@jaclo.com:anth22
brian@belmonthardware.com:baldwin
gabriele@calfaucets.com:8b5284
RSZEWCZUK@SANTECFAUCET.COM:cms2rjs2
richard@belmonthardware.com:belmont1!
Jodyrosenberg1@gmail.com:bj272727
stevengweinberg@gmail.com:yankees
jeffreyv@chown.com:Chown1879*
gregr@rohlhome.com:9ed9f5
ben@hamatusa.com:Rachel0411!
ReneeM@bainultra.com:ph0t0sh0p
lynlee18@hotmail.com:waterspot
dacrossley@gmail.com:660606dc
kcheek@dornbracht.com:marketing
harlin@santafebydesign.com:certification1
amanda@georgemorlan.com:GMPwhk2018
dennis@level5sm.com:hello
anniec@glasscraftersinc.com:glass
josephc@glasscraftersinc.com:crafters
veronica@belmonthardware.com:baldwin777
ace@bravobusinessmedia.com:B4sswood!!
jbeaumont@aol.com:sinks
rick@bravobusinessmedia.com:Spaceman14
jen.datka@oreilly-depalma.com:depalma
jmetras@bainultra.com:geysair
melissa.carpenter@hansgrohe.com:axor
lucy.powers@elkay.com:cbs
robb.best@elkay.com:training
blerkins@vandabaths.com:western
bobp@glasscraftersinc.com:cd218
m.minnen@esspost.com:drain
jmccrary@whitegood.com:temp0806
tcharbonneau@vandabaths.com:office
jgarcia@phylrich.com:lacrosse
mcorona@phylrich.com:laverre
michael@moniquesbath.com:watertown
mashe@purcellmurray.com:appliances
mc@waterstreetbrass.com:winston
ad@waterstreetbrass.com:newyork
mmurray@purcellmurray.com:rep
cportman@willisklein.com:marketing
dbradley@aaronco.com:showroom
lauren.connolly@fortegroup.com:trade
nick@astrodesigncentre.com:president
Josh@AdvancePlumbing.com:toto1920
Anthony@accuratelockandhardware.com:engineering
drousseau@berensonhardware.com:b3z7Pvd367
bobby@acsspecs.com:education
nicole@piercehardware.com:dexterwelker1
kfrechette@americh.com:ultra
monica.d@bestplumbing.com:daw4281
heather.berry@franke.com:smyrna3763
jdelaney@wmbs.com:welcom32273
christine.venuti@graff-faucets.com:graff
trino@shopstudio41.com:highlandpark
ryan.paul@summit-ar.com:5alpha
john.weinstein@fvsa.com:Franz9876!
suzy@magruderassociates.com:canada
mike.straw@beyerle-us.com:DPHA2018
yana@repcor1.com:cordova
asmyser@BRASSTECH.com:brasstech
jeff@unionhardware.com:bethesda
leslie@unionhardware.com:maryland
jacqueline.jones@mslgroup.com:temporary
evan@classic-brass.com:graphics
joe@tcbsalesinc.com:tcbrep
fausto.samaniego@franke.com:manager
david@modernplumbing.biz:berlin152
ssidney@simonsupply.com:passw0rd1
jim@unionhardware.com:righthand
wendy@repcor1.com:sierra
aaron.conk@deltafaucet.com:tradeshow
Jimmalcolm@alnoinc.com:lAci1229
jdonovan@suncoastsalesllc.com:specialist
julianna@nativetrails.net:GoHalos1!
peter@piercehardware.com:dove9238
ricardo@icerausa.com:Icera2018
lisa@naplesplumbingstudio.com:monkey99
stephan@englishtapware.com.au:australia
davidpettine@gmail.com:Elanor1934!
matthew@belmonthardware.com:belmont7
walter@astrodesigncentre.com:bunda1
msanchez@prosourcesupply.com:jajumo24
dcooper@kartners.com:Kartn3rs
wendy.cox@genpl.com:wendy@0508
slange@ups.com:logistics
jeff@luxuryproductsgroup.com:Luxury1#
connieh@gerhardsstore.com:Pride2022!
tbrook@kartners.com:Tomfuny2
leigh@immersestl.com:Holly0271
andrew.healey@sterlingham.co.uk:10France&
bkratus@infinitydrain.com:infinity270
kathy@missionwest.biz:905mission
barelaj@americanstandard.com:Friday31
michael.pechar@yahoo.com:trojan25
jeff@accuratelockandhardware.com:jgsales00
LLeblanc@ad-waters.com:association1
ld@douglahdesigns.com:NalaSimba2012!
robertr@group2cinc.com:72oldsDPHA
doug@turnstyledesigns.com:tD325325
mdaigle@shei.sh:folia1234
b.becker@easydrainusa.com:B60066006b
pats@accelgrp.com:Ruby8296
mpreston@repnet1.com:Mcgyvr55
jsheffield@pacesupply.com:Premier123
ricks@gerhardsstore.com:Zata#7840
katep@bestplg.com:Katesworth111
janiner@bestplg.com:Bowling1
rlando116@gmail.com:67046704
Kelly@watermark-designs.com:domblaise24
tarra@accuratelockandhardware.com:1AnniePl1972!
amandak@gerhardsstore.com:Jimadnama1
rebekah@dpha.net:cohn7508
paul.ardente@crosswater-bathrooms.com:crosswater
ron@belmonthardware.com:baldwin7
gilbert.saul@sophstone.com:1237GiL!
lhardy@americh.com:Yankees1
robertcalabrese@bainsoceania.com:Picabo69
pmcminn@vicenzadesigns.com:VICdes51
mbusch@berensonhardware.com:BereHardware15$
james@tsg-agency.com:Tbsgllc1
tklein@willisklein.com:natenick2018
tami@immersestl.com:TamiMiller1
kane@sidler-international.com:winston7626
kathys@piercehardware.com:Justin123
davidc@piercehardware.com:covey5656
wayne@piercehardware.com:wayne127
ronc@firstimpressionsint.com:D00rPull1!
jaime@tcbsalesinc.com:Plumbing2018
mdupree@bathsplashshowroom.com:Showroom1!
cdoucet@bathsplashshowroom.com:Allin2017
rlmorton@hotmail.com:dphaATL1
daniela@eleganthardware.com:6600West
mani@palazzaniusa.com:mpusa386!
stephen.barry@laufen.ch:barry123
joe.kastelic@amerock.com:therockisback
Jayne.Leonard@piedmonthardwarebrands.com:wqelcome8751
irw@ThePortlandGroup.com:Splash17
charles@consolidatedplumbingsupply.com:1020mamK
kelly@lbksf.com:dpha4kelS!
sdalomba@supplyne.com:Showrooms10
erik@millershardware.com:Malibu16!
Margie.puchalski@amerock.com:Rockford1929
gbalthazard@zitta.ca:Zitta81
martinezl@lixilamericas.com:lixilse252
nick@lacava.com:Iqu&%ZfOO2og5Z7!
caroline@renmolding.com:scorpion2810
paul@immersestl.com:immerse836
alim@mountainsupply.com:alim1234
patrick@thermasol.com:Pw100818!
daniel.schwab@franke.com:Samson81
howard@cpsnys.com:1250Park
jasone@elkgroupinternational.com:Slooshy33
diane.hutter@keuco.com:DianeDPHA16
pfilion@barildesign.com:Baril2018
jen@astrodesigncentre.com:Harley1208
sharan@moxiesales.com:Austin83
daveo@visionsalesgroup.com:Lakings1
dawnk@bestplg.com:dmk032672
katrina@astrodesigncentre.com:dpha4618
kenny@hydrosystem.com:Jehovah1219
jennie@immersestl.com:ZACHARY12
mary@immersestl.com:P4SSwords!
r.bakker@esspost.com:B60066006b
jackz@unikstone.ca:jackz2018
jenz@immersestl.com:Zaidan2014$
ken@millershardware.com:chrissy01
ellen@podi.com:testing123
jared@piercehardware.com:applecider67#
lherr@1supply.com:Winter@2019
faigy@pyramidps.com:Grun1310
Lindsey.Eidsen@simonsny.com:Simons01
jam@theportlandgroup.com:Jessica1
damariss@bestplg.com:josh1220
conniea@gerhardsstore.com:Beer24!!
adam@xologic.com:dphaaccess1
kellyb@gerhardsstore.com:Sashacat12
giovanna@astrodesigncentre.com:giova252191
caitlin@astrodesigncentre.com:PLsigR5b
srubera@simonsupply.com:maple810
dawn@belmonthardware.com:baldwin777
anthony@eurofase.com:Eurofase33
ewa.zielinski@belwith.com:maxmolli60
aballew@prosourcesupply.com:ashton812
chrisc@kohlernyc.com:Chr1st0!
kason@sandpipersav.com:Kleigh123
kim@sandpipersav.com:kimmer69
brittany@sandpipersav.com:Sandpiper1
lauras@bestplg.com:Camille17
stephanien@bestplg.com:Lalala08
emilyg@madeli.com:Madeli123
lhoff@adhq.com:linda1
janetg@bestplg.com:Boricua81!
david@polishedchromeny.com:Passward1
rachel.weise@deltafaucet.com:hoosiers7
nicole@modernplumbing.biz:modern2018
dana@modernplumbing.biz:Happy123
greg@in2aqua.com:polka4123
paigem@elegantadditions.net:Great42day
henrib@elegantadditions.net:Ms_pany3
michelleh@elegantadditions.net:Elegant20!8
sarah@renmolding.com:Manolo21
laurenk@elegantadditions.net:Elegant20!8
kylek@elegantadditions.net:Elegant20!8
warehouseh@elegantadditions.net:Elegant1
mebaril@barildesign.com:1Montreal
jeannie@sierrawestmarketing.com:quinbee3
samantha@belmonthardware.com:cakes3792
israel@sapphirebath.com:cssk2636
karina.bernoti@qm-us.com:Patilla1
emily.kantsios@hansgrohe.com:hansgrohe1
kmcnaughton@emcoltd.com:dpha4learning
rwatts@supplyne.com:Alex111#
feak@lixilamericas.com:LIXIL1
bdanielson@acs-specification.com:burkha69
chrisb@leeps.com:rc1949
mcastellano@prosourcesupply.com:1moneychanger
veronica.rivas@qm-us.com:Colors02
karlac@chown.com:kr11957!
lynnc@chown.com:italy84
sandy.venere@kohler.com:Robern123!
mchown@chown.com:mchown3
sms@theportlandgroup.com:Millie0911
emily.wisber@genpl.com:Hi001001
alanp@elegantadditions.net:Aprado071439
alrykus1120@aol.com:dpha2018
rachel@flowdesignstudio.com:Bunny2googoo
kentc@bountybrassware.us:B0unty!
rsivula@tyloheloinc.com:TyloHeloAmerec$5
colleen@belmonthardware.com:Mickey28
megan@wmsdr.com:LOgan100!!
dorians@bestplg.com:Typerep3
tyra.jones@keuco.com:11Howard!
zuliel@bestplg.com:Guava123
dchampagne@coburns.com:Daai0729
johnnyc@kohlernyc.com:Actor0531!
danielleb@kohlernyc.com:Winter2018
matthew.miles@hansgrohe.com:hansgrohe1
valerie@gcsnys.com:allbaths1198
lexi@immersestl.com:sullex7
katherine@belmonthardware.com:Baldwin7
peggy@immersestl.com:Poptart11
nicole.m@prohs.com:ProHS&2012
lowellw@lightsofoconee.com:Plumbing113
dawn.robinson@bocchiusa.com:bocChi012
gerry@personaltouchsales.com:Spencer100
neg@theportlandgroup.com:sept24
jaliene@hbarep.com:Dr.J2012
erin@astrodesigcentre.com:Justin08
jennifer.rosvally@ddisys.com:Tradeshows2019
johns@kohlernyc.com:$w33NeY
dbryan@prosourcesupply.com:Dmbktb2018!
AlDornbracht@dornbrachtgroup.com:PlumpingVP2018
stevena@chown.com:Taylor01
sethk@chown.com:loop0000
llwatson2004@yahoo.com:mamalulu1
reinat@bestplg.com:Retro1116
francescas@bestplg.com:Mjl8212!
kurts@chown.com:5ilver01
Dassistant@elegantadditions.net:Elegant20!8
lydiab@gerhardsstore.com:461Larchave!
julie.k@earthelements.com:jared1
kimberlyc@gerhardsstore.com:Freedom1234
jenniferf@gerhardsstore.com:JRStuver59!
graceg@gerhardsstore.com:Dpha18
tannerh@gerhardsstore.com:Tanhac123
jamesh@kohleredina.com:Maintain18
mindyk@gerhardsstore.com:Lighting12
triciak@gerhardsstore.com:F@rscape88
amasewicz@1supply.com:Ben1031iu*
magalym@gerhardsstore.com:Magster31
jcastaneda@hbarep.com:Caden0725
jalcala@hbarep.com:Jimmye3212
nneuzil@1supply.com:peace4limedots
shelbeo@kohlerovp.com:Homieg123
ken.hans@concinnityfaucet.com:Pierce77
john@earnmoredoless.com:john19771977
msiegel@1supply.com:Jnazmom_474
kirk@acerobella.com:acerobella1
sammi.j@earthelements.com:Tyrel1234
caroline.r@earthelements.com:Telephone04!
brittany@renmolding.com:lakings01
trobinson@berensonhardware.com:Clinton6311
kludd@prosourcesupply.com:joseph17.
josephf@kohlernyc.com:Toilet1
angela@flowdesignstudio.com:flowbath1234
meredith@flowdesignstudio.com:chanel33
Sales@OurMembers.org:The0wv2
tashika@jaclo.com:jaclo
Rhonda@jaclo.com:jaclo
phil@jaclo.com:jaclo
michelle@jaclo.com:jaclo
maryann@durstcorp.com:jaclo
Marcella@jaclo.com:jaclo
leticia@jaclo.com:jaclo
kevin@jaclo.com:jaclo
JOHN@durstcorp.com:jaclo
johnB@durstcorp.com:jaclo
holly@jaclo.com:jaclo
greg@jaclo.com:jaclo
don@jaclo.com:jaclo
david@durstcorp.com:jaclo
dana@jaclo.com:jaclo
craig@jaclo.com:jaclo
cory@jaclo.com:jaclo
chris@jaclo.com:jaclo
Carla@jaclo.com:jaclo
bob@jaclo.com:jaclo
aj@durstcorp.com:jaclo
adam@jaclo.com:jaclo
carol.ingram@dahlplumbing.com:dahl
david@westbrass.com:westbrass
wmnflytoo@yahoo.com:water
sdemers@sonomakitchenandbath.com:sonoma
slamachia@sonia-sa.com:sonia
claudiaindy@aol.com:allen
sarahnicholesenter@yahoo.com:master
scott@normandymetal.com:newyork
vicssupply1@sbcglobal.net:vics
ken@houzersink.com:houzer
robertmyers2005@msn.com:sedona
rtscala@rtscala.com:scala
bob@ultimatemarketinginc.com:ultimate
doug@steadfastsales.com:steadfast
rgmgroup@aol.com:rgmarketing
kristinicolai@msn.com:klnicolai
roxanne@rimsupply.com:rim
kelly.dolan@leesupply.com:lee
Renec@aquawareamerica.com:aquaware
kevin@mckinney-agency.com:mckinney
wanda.weatherholtz@bdhhi.com:baldwin
kara@dpha.net:dpha7900
lmcdowell@morsco.com:morrison
mcraig@morsco.com:morrison
Julieb4mgmsales@aol.com:mgm
daves@associatedsalesdp.com:associated
osilva@sonia-sa.com:sonia
katherine@alchemyglass.com:alchemy
msalamon@bellsouth.net:fleurco
assaf@cantrio.ca:cantrio
hpollard@wholesalepipe.net:kitchen
veronica.money@hajoca.com:welker
eurostyle@earthlink.net:eurostyle
jen.grant@eurobath-tile.com:eurobath
alundahl@brasstech.com:brasstech
rdean@hastings30.com:hastings
kendall@myita.net:millers
cmvolga@artisansinks.com:artisan
afeinberg@shopstudio41.com:studio
strategicnj@comcast.net:strategic
ellen@ellencheever.com:cheever
sroy@systemeinc.com:systeme
visionmkt1@aol.com:vision
gquercio@brasstech.com:brasstech
touchofclass@ameritech.net:toc
premiersalesassociates@hotmail.com:premier
art.petracco@geberit.com:geberit
fred@ambatowelwarmers.com:amba
rafi@linnea-home.com:linnea
nameeksinfo@yahoo.com:nameeks
r.lemme@burg-northamerica.com:burg
mark@ardente.com:ardente
designerbathandhardware@covad.net:designer
zolotaskb@tmail.com:zolotas
mjp@vanicomaronyx.com:vanico
denis@dmemarketing.ca:dme
bbelter@aol.com:belter
info@martinpierce.com:martin
tom@graysalesinc.com:graysales
pwhelan@wabirdsall.com:birdsall
hsaco@harworthsales.com:harworth
toma@micodesigns.com:mico
bshaw@rockymountainhardware.com:Rocky
kbrown@metpipe.com:pipe
thebina@aol.com:aci
druryd@amstd.com:jado
jspector@dornbracht.com:Dornbracht
olga@dpha.net:web
isschief@aol.com:atlantic
lee@dscpacific.com:dsc
crussell@luxurykitchenandbath.com:luxury
jc@dubois-usa.com:dubois
tripp@celeritysales.com:celerity
fossils@creationstone.com:creation
sjohnson@riback.com:designer
dlando@comhs.com:community
lmlockman@aol.com:boston
sbreymaier@aquaglass.com:aquaglass
rschaub@schaubandcompany.com:schaub
alain@sunnywood.biz:sagehill
dixonsalesgroup@aol.com:dixon
lucy@waterfallbath.com:waterfall
danielle@deluxdsm.com:delux
Amy-mae.miller@graff-faucets.com:graff
terryg@jasonint.com:jason
carr@decorativecustomsales.com:decorative
belinda@marzisinks.com:marzi
riccardo@vogaind.com:vog
donna@creativebathsales.com:creative
steveschuster@hicogroup.com:cucina
eric@englishtubs.com:victoria
andrew@englishtubs.com:victoria
larry@millershardware.com:millers
jane@millershardware.com:millers
lwachter@norwoodhardware.com:norwood
spearsco3@bellsouth.net:spears
jdh@quiescenceisd.com:quiescence
darrin@alphasalesco.com:alpha
willr@century-hardware.com:century
maria@fry-comm.com:fry
jmorales@BRASSTECH.com:brasstech
bsalazar@BRASSTECH.com:salazar
jschechter@focussales.us:focus
tom.ancy@sbcglobal.net:classic
chickd@uscoinc.com:united
h.bourgault@wetstyle.ca:wetstyle
dave@newluxurybaths.com:newluxury
jsik@sirodesigns.com:siro
jeffrey.goodman@skanadario.com:skanadario
diane@heatwavesupply.com:heatwave
norumbega1@comcast.net:norumbega
raincompany@earthlink.net:rain
jeremy.raisch@eurobath-tile.com:eurobath
lauren@western-sales.com:western
tslank@western-sales.com:western
guy.nadeau@aquadis.com:aquadis
Shelia@millershardware.com:millers
jeremys@centralazsupply.com:central
todd@acsspecs.com:acs
hbrunelle@bainultra.com:bain
abrown@russellhardware.com:1036N
szachery@russellhardware.com:1036N
jrisch@russellhardware.com:1036N
tcohn@cohncommunications.com:pam
steve@alchemyglass.com:alchemy
gary@silvertipmarketinggroup.com:Silvertip
gmurphy@klaffs.com:twin
abbie@abbiejoan.com:great
philip@prosun.com:prosun
g-howmansalesgroup@carolina.rr.com:primesales
sgray@methven.net:methven
christine@myiowabath.com:master
hal@xylemgroup.net:xylem
mountainhomedesigncenter@msn.com:mountain
laverett@morsco.com:morrison
memberstaff@dpha.net:hardware
lallen@gessiusa.com:allen
reed@fry-comm.com:fry
ron@signaturesales.com:signature
jim@braxco.com:waternity
leftylonga@hutterwholesale.com:hutter
GMarrasse@aquabrass.com:aquabrass
civerson@archdesignsales.com:architectural
brselegans@aol.com:brass
sheri.pickett@livingstonkbc.com:livingston
gnathan@mnghardware.com:mng
cordau@supplyne.com:supply
amanda@wawirka.com:wawirka
robsuri@hamiltonsinkler.com:hamilton
bob@santafebydesign.com:santafe
jimv@thermasol.com:thermasol
matthew@jacksonshardware.com:jacksons
robert@hornsteinenterprises.com:hornstein
brian@pacificcoastkb.com:pacific
tommaples@kivahome.com:kiva2008
rcisneros@trimbydesign.com:cisneros
phil337@comcast.net:tonusa
faith.walker@globeunion.com:danze
mengle@morsco.com:morrison
Eharber@morsco.com:morrison
Mferguson@morsco.com:morrison
Knelson@morsco.com:morrison
maryz@morsco.com:morrison
pat@softasstone.com:hollow
ebframes@aol.com:berebi
nancy@designerrods.com:designerrods
brianj@brass-handle.com:brass
paulwong@aol.com:deltana
mgreen@@symmons.com:symmons
glenn@austindoorman.com:austin
sales@nottinghill-usa.com:notting
tbeck@gothamsalesgroup.com:edgewater
joe@neimanshowroom.com:neiman
timh@harringtonbrassworks.com:harrington
vicki.sapinski@!phylirch.com:phyrich
tmasecchia@aquabrass.com:aquabrass
bethfay@exploresplash.com:cranberry
tkeyser@etnasupply.com:etna
osliva@sonia-sa.com:sonia
jroca@sonia-sa.com:sonia
andrew@katonahhardware.com:katonah
mmayo@mountainswestmarketing.com:engineered
tom@bobiersales.com:bobiersales
ARykus1120@aol.com:elite
carpediemhardware@verizon.com:carpediem
kstrane@spscompanies.com:sps
nbecker@torringtonsupply.com:torrington
steve.west@maloney-curcio.com:maloney
broom@turnstyledesigns.com:turnstyle
panammkt@aol.com:pan
ted@western-sales.com:western
joshua@jaaroncastsone.com:aaron
joseph@deluxdsm.com:delux
jbower@comhs.com:bower
bobbyb@raleighdecorative.com:raleigh
jnguyen@santecfaucet.com:santec
cucina@direcway.com:cucina
mgardner@epshome.com:homestyle
skomarkova@norwellinc.com:norwell
ashish@ashleynorton.com:ashley
gene@designerhardwarebyfaye.com:designerhardware
sherip@afnewyork.com:af
frank@bobiersales.com:bobier
gmurphy@globaldoor.com:heritage
rvlombardo@afinacorporation.com:afina
dlenio@everpure.com:everpure
jgoren.empire@coxad.net:empire
eodonnell@vonmorris.com:vonmorris
tbryant@sigmafaucet.com:sigma
tj@jaclo.com:jaclo
steves@pipeline-supply.com:pipeline
ninakbh@aol.com:ninakbh
glenn@sustainablesolutions.com:ssi
sales@hardwarerenaissance.com:coe
michael.manley@idroluxusa.com:idrolux
sbailey@epshome.com:homestyle
splymale@epshome.com:homestyle
crunkel@epshome.com:homestyle
bstrong@epshome.com:homestyle
lpowers@epshome.com:homestyle
aeaton@epshome.com:homestyle
cperry@epshome.com:homestyle
jlockhart@epshome.com:homestyle
rblevins@epshome.com:homestyle
mwright@epshome.com:homestyle
jharman@epshome.com:homestyle
steven_deland@acrylineusa.com:acryline
lizkelly@graff-faucets.com:graff
paulbarr@graff-faucets.com:graff
eperez@francisandwane.com:fw
aorozco@francisandwane.com:fw
jandrews@francisandwane.com:fw
jbrown@globaldoor.com:heritage
jpickle@fuse.net:oliveri
kamcoreps@aol.com:kamco
george@myknobs.com:myknobs
michael@westbrass.com:westbrass
samcoker@sbcglobal.net:kb
pfhco123@aol.com:period
jeffreymoss@advanceplumbing.com:advance
arynduncan@aol.com:aryn
decobrass@aol.com:mark
jhager@morsco.com:morrison
tonyam@prosourcesupply.com:tonya
eric@spsii.com:eric
apexhuey@centurytel.net:huey
cwersonick@docsavagesupply.com:docsavage
atotaro@aquabrass.com:aquabrass
shamelin@aquabrass.com:aquabrass
adelvecchio@aquabrass.com:aquabrass
cshaver@aquabrass.com:aquabrass
tpetrini@aquabrass.com:aquabrass
mpetrini@aquabrass.com:aquabrass
jguilbault@aquabrass.com:aquabrass
psylvestre@aquabrass.com:aquabrass
hjacobs@aquabrass.com:aquabrass
r.paulenich@verizon.net:aquabrass
gloriaq@gingerco.com:ginger
aepps@gingerco.com:ginger
ethorpe@gingerco.com:ginger
sdesmond@gingerco.com:ginger
sdesmond@ginerco.com:ginger
rick@linkasink.com:linkasink
kathy@santafebydesign.com:santafe
ndph@bellsouth.net:designer
emmehxx@aol.com:yurchenko
nritt@hotmail.com:doubleflip
g_1239@hotmail.com:giant
soccerngymnast@comcast.net:cartwheel
b3an13@yahoo.com:roundoff
jsgodbout@aol.com:flip
beachbum3313@aol.com:flyaway
jnkmail@earthlink.net:bars
ksteinhoff@excite.com:frederick
tom@brownstonesales.com:brownstone
smschubert@mooresupply.com:bathshowplace
phess@natphil.com:natphil
billy@fiddlers.net:fiddlers
minu_youngkin@irco.com:schlage
andrea.harris@skyglobal.com:fantasia
mitch@thermasol.com:therma
mbyrd@russellhardware.com:russell
benny@bsdraft.com:bsdraft
cloijas@nssupply.com:hssupply
nicoleft@qnet.com:brown
nicoleft@gnet.com:brown
chris@bradcoimports.com:moda
eric@splashworkskb.com:splash
jeanne@artofhardware.com:art
avi@designhardware.com:design
gordonm@gygi.com:orson
rkdfl74@aol.com:071463
dan_giannini@earthlink.net:aviana
mdeem@godeem.com:Deems05
kipmcfarland@acrylicweedon.com:oceania
edward@englishtubs.com:victoria
kermar@thefixturegallery.com:tfg
jivjoa@thefixturegallery.com:tfg
murger@thefixturegallery.com:tfg
kelshe@thefixturegallery.com:tfg
muepau@consolidatedsupply.com:tfg
mark@brassworksri.com:brassworks
chris@hot2cold.com:hot2cold
schroeder@hot2cold.com:hot2cold
sowhadi@southwestsales.com:southwest
riley5950@mchsi.com:wsc
julie@frenchcreekcabinet.com:FC1234
kent@klaffs.com:klaffs
synose@russellhardware.com:russell
diane@studioqinteriors.com:studioq05
cboney@water-ways.com:waterways05
terry@berensonhardware.com:rchristensen05
jay.murray@paymentech.com:Paymentech05
mwallace@ilhawaii.net:mike2005
jhowe@kbgalleries.com:123456
samm@birdsalesinc.com:bird
valsan.us@att.net:valsan
ebarron@the-beach.net:barron
paul@lionplumbing.com:123456
maichert@amstd.com:123456
rbeets@briggsinc.com:123456
eriche@remodelingdesigns.com:EE2005
ultimatekb@sbcglobal.net:123456
maureen@genpl.com:general
william_tennant@acrylineusa.com:tennant
rmayer@decolav.com:deco
mdlew@optonline.net:avenelle
dmincieli@finefaucets.com:finefaucets
hogand@us.panasonic.com:panasonic
cathy@whitehead-associates.net:whitehead
wmessing@taymor.com:aviana
rchartier@bluewaterhomes.ws:randy
jim@restorenow.com:jim
lorig211@bellsouth.net:podolsky
hope@cfl.rr.com:podolsky
jonforbes@alnoinc.com:alno
maria@architecturalaccents.com:accents
lisa@easternmechanicalinc.com:easternmechanical
Kirk@linkasink.com:linkasink
atrimble@gingersbath.com:allison
scott.duncan4@gte.net:scott
rob@conceptualkitchens.com:rob
prescottkitchen@cableone.net:billhelanie
katie.sorenson@verizon.net:magruder
bpete00@msn.com:magruder
goaliedad23@aol.com:magruder
cgerardi@berkshire.rr.com:magruder
mark.sorenson@verizon.net:magruder
plksales@aol.com:korman
kevinbcarter@att.net:next
tnaiser@willisklein.com:willis
caspardej@legacybrass.com:andre
oliv9514@bellsouth.net:jo
genesisinl@aol.com:steve
dlinde6266@aol.com:deborah
epfister@comcast.net:epcn
alan@capitalhardware.com:capitol
michaels@hastings30.com:hastings
rich@hastings30.com:hastings
michael@hastings30.com:hastings
rhona@hastings30.com:hastings
chergenrother@hastings30.com:hastings
wmeyers@hastings30.com:hastings
kimiloli@phylrich.com:phylrich
gmalgoza@westyegroupse.com:westye
marya@westheimerplumbing.com:westheimer
jeff@remcraft.com:remcraft
CURTIS76@aol.com:altmans
davep@bathandbeyond.com:bath
longogrp@bellnet.ca:phaseone
jeff.vining@leesupply.net:Lee
yelena@fortebuyinggroup.net:forte
doug@raksales.com:rakieten
accounting@unionhardware.com:counter
bob@hastings30.com:hastings
kathyj@wisenbaker.com:kathy
gary@davfox.com:gary
lancek@alltel.com:primesales
kristen@wms-marketing.com:williams
kate-b@allart.co.uk:allart
vmcneill@technicalconcepts.com:technical
rene@derosedesigns.net:designs
jmecca@wns1.com:westernnv
info@bissonnet.net:bissonnet
steve@promarketingrep.com:pro
shannond@e-esupply.com:engineering
gretchenp@e-esupply.com:engineering
melissah@e-esupply.com:engineering
myrad@e-esupply.com:engineering
blankford@lankfords.com:betty
bathconnection@aol.com:rick
richceram@aol.com:tony
debbie@legacybrass.com:legacy
kurt@chicagobrass.com:chicagobrass
dan@fusionhardwaregroup.com:fusion
nanna@sccbuilds4u.com:lesleysteve
eatjud@thefixturegallery.com:fixturegallery
mstk6025@aol.com:clyde
marybeth@water-ware.com:waterware
hetter@adelphia.net:laguna
rbrenner@billiebrennerltd.com:brenner
ana@tranquility.net:misdora
michael.cantu@bellnet.ca:michael
info@northernplumbing.com:ron
pavila@vonmorris.com:phil
ericg@thgusa.com:eric
info@omniaindustries.com:alex
oldvillageclassics@aol.com:andria
rfarley@mysoninc.com:raymond
ootistini@mountainplumbing.com:janice
sales@micodesigns.com:michael
kenh@spc-volta.com:ken
ebframes@aol.com:jenny
steven@batesandbates.com:steven
gsmoussa@ambianceimports.com:george
dnelson@allintergroup.com:don
kplusofc@quest.net:clark
marycjack@family-net.org:mary
bulletlockco@comcast.net:bullet
jason_chen@ronbow.com:jchen
jparks@beesonhardware.com:beeson
chasdaniels@kivahome.com:kiva
nuwavekitchens@verizon.net:ralph
steve@modernplumbing.biz:modernplumbing
mpape@cds1.net:sonoma
jhass@amerec.com:amerec
margaretbkbg@bellsouth.net:margaret
sandy@sandyskb.com:sandy
neilp@jmwoodworks.com:neil
cartwheelgrl6@aol.com:jumper
flexilexi00@aol.com:floor
designelements@enter.net:design
andrevic@adelphia.net:andy
jasnjny@earthlink.net:jas
Jill@jaclo.com:Jaclo05
Jemiro@aol.com:jemiro
kingofplumbing@aol.com:kingplum
wilksup@intrex.net:kingandy
cdph@earthlink.net:1
kwaite@Plumbery.com:ken098
tkoassoc@dallas.net:dij734
webmaster@GroupUSA.net:groupusa
barry@uhi.com:7xKW87
tsolarin@reggaeusa.com:CX02lj
jerry@designerhardwarebyfaye.com:jerry
tonycarter@aol.com:bigchez1
thehardwareman@mitchellhardware.com:mit8833
info@marinehomecenter.com:mar508
bshoen@kellyspipe.com:br342n
b.mcdonald@pacificplumbing.com:bozo
blankford@lankfords.com:kjd324
jpassero@klaffs.com:joe3467
janice@h-b-m.net:lki9800
hdidesigns@aol.com:HDI
jcrdist1@airmail.net:sd4532
bill@fiddlers.net:jr32
samburn@gingersbath.com:pish3493
S.Younggreen@MartzSupply.com:martz
lilliam@designersplumbing.com:Yuppie
ada@designersplumbing.com:peachy
david9119@aol.com:se146
cdph@earthlink.net:webbimbo
faye@designerhardwarebyfaye.com:jfdhbf093
Davwar@ix.netcom.com:dawsds798
ann.hatcher@branchtrading.com:nana
praeclarus@aol.com:100181
bbbath@aol.com:22215
abrickmans@aol.com:walth983
MarkBermn@aol.com:bermark
Stajanbeck@aol.com:beck6521
lesh@branchtrading.com:hatles
rw@customhardware.net:white61
plumbingplace@aol.com:place
barry@OurMembers.org:12
kmurray@bristolbath.com:bristol
bryanm@bristolbath.com:bristol
dmann@mannsbars.com:mann
james@fairmontdesigns.com:fairmont
liz.goltz@graff-faucets.com:graff
billbecker@earthlink.net:deca
michaelcarson@carsonhoward.com:howard
mary@austinplumbingsupply.com:austin
gtruchon@neptuneb.com:neptune
r.samuel@fersa.com.ar:fersa
sales@water-ways.com:water
ryan_wilson@irco.com:schlage
paula@bilotta.com:bilotta
pcrovo@anneathome.com:anne
dennism@mullencorpfl.com:mullen
bill@austinplumbingsupply.com:austin
jolshen@lebijoucollection.net:bijou
dave@amorellosales.com:amorello
bayjillchavez@hotmail.com:bay
melissa@coyoteglass.com:coyote
horsefever46@aol.com:frog
TwoBears90@comcast.net:purple
bkk@pressalit.com:pressalit
mkuller@pacesupply.com:premier
jss@epshome.com:homestyle
patricia.denia@atlashomewares.com:atlas
thebeckonygroup@aol.com:nancy
doug-brenner@rhousekitchens.com:doug
wsc@execpc.com:wsc
pmmjrennolds@aol.com:able
nicole@heatwavesupply.com:heatwave
lee@sunshine-sales.com:sunshine
annie@thebgs.com:annie
david@unionhardware.com:dpTiJv
debby@uhi.com:deb4mad
coachchickee@msn.com:chickchick
lauranharvey@hotmail.com:laha
annettecab@wi.rr.com:annette
renmolding@aol.com:renmold
smalc@daviswarshow.com:davis
jari@thermasol.com:thermasol
toby.pontin@kohler.com:kallista
jillpmeg@yahoo.com:jill
rldesign@kci.net:roger
deborah@livingspacesllc.com:deborah
richc@rimsupply.com:richard
brettgould@qwest.net:brett
gparent@bainultra.com:bainultra
thaeggstrom@waterdecor.com:waterdecor
jennifer@vogaind.com:voga
damato@dornbracht.com:dornbracht
magruderassociates@comcast.net:magruder
billexpres@yahoo.com:bill
christiana@figueresonline.com:chess
jon@humans.ca:humans
agcomini@omniaindustries.com:omnia
spk@adaptationsunlimited.com:stephen
greg@fineitalianhardware.com:bal
paul@lionplumbing.com:lion
eddie@thebgs.com:bgs
atorres@trimbydesign.com:trim
decobrass@aol.com:decobrass
wayne@architecturalelegance.com:architectural
betsy.gorgei@edge-technologies.com:gei
lynda.daly@activant.com:activant
coollinesusa2000@aol.com:coollines
Larry@topexhardware.com:topex
fredmayfield2000@yahoo.com:prowest
tom@luxurymarketing.com:luxury
brian@luxurymarketing.com:luxury
blake@luxurymarketing.com:luxury
Barry@UnionHardware.com:C7Ee6H
David@UnionHardware.com:allstaff
JGregg@colonialbronze.com:876fd
bill@fiddlers.net:Fiddlers
Goodman_Larry@msn.com:N.8KeF
david@uhi.com:cedesdf
TKorth@korthcos.com:sdfeedas
soblem@dups.com:toby
faye@designerhardwarebyfaye.com:profit
rpaul@pauldecorative.com:paul
jtomafsky@earthlink.net:steelers
debbystehr@aol.com:truck
JerryAbel@thgusa.com:dinner
jvalles@dpha.net:thanks
mridge@morsco.com:morrison
Klarenz@aol.com:brett
jsr@bethami.org:sdfsdf
jsr@bethami.org:asdfasdf
jsr@bethami.org:45345
Kbodgold@aol.com:mimeee
tcohn@dpha.net:communications
Ron@RaffelSales.com:ben
julie.elegantadd@sbcglobal.net:dsg536
rlando@comhs.com:community
debbie@millersdecorativehardware.com:engaged
JeffB@bathandbeyond.com:jeff
mtberger@barclayproducts.com:cpa
jholmes@romasteambath.com:roma
drhunt@airmail.net:dennis
carmine@lacavadesign.com:carmine
jvj@dallas.net:walter
jbarwick@omniaindustries.com:omnia
kentm@hamiltondeco.com:hamilton
dave.jeffsales@earthlink.net:jefferson
enugent@brasstech.com:brasstech
vguillian@totousa.com:toto
rw@customhardware.net:bc
kuhlbros@hotmail.com:kb
salesmanager@fersa.biz:harry
terry@berensonhardware.com:berenson
jcrdist1@airmail.net:Pierce
kuhl88@sbcglobal.net:kb
obleich@dornbracht.com:dornbracht
kcarbonari@montaggio.net:montaggio
cyoung@kimballyoung.com:curtis
atrimble@gingersbath.com:gingers
randris@guildplaters.com:allied
coddyp@lumberhardware.com:allen
vivian@pauldecorative.com:paul
jcarney@steamist.com:steamist
noelle_lewis@mac.com:nfl
michaelk@rohlhome.com:rohl
rltriwest@aol.com:triwest
gnjones@merit-kitchens.com:greg
trocco@centurybathworks.com:century100
jonc@waveus.com:wave
joel@homemakerssupply.com:homemaker
frank@closetohomevt.com:close
April_Noblitt@irco.com:schlage
stever@thermiquetech.com:rowland
kfisher@spscompanies.com:sps
jeff@remcraft.com:baci
jon.pesce@hansgrohe.com:hans
pconway@metropolitanbath.net:metropolitan
plumbingplace@aol.com:plumbing
tcarter@carterhardware.com:carter
jtomafsky@earthlink.net:james
greed@alinebyadvancetabco.com:aline
kennedyg@amstd.com:greg
major@waterinc.com:major
hanjx@verizon.net:alex
rherrbach@atl-cifial.com:ralph
jnoll@steamist.com:steamist
FaconD@amstd.com:porcher
devinjrosen@rosenplumbing.com:water
paul.lobo@bdhhi.com:baldwin
philsherer@masterpiecelighting.com:masterpiece
bill@austinplumbingsupply.com:bill
dan@danbeaudet.com:beaudet
Holger@herbeau.com:herbeau
bobpesiri@msn.com:jas
lenny@millerssouth.com:millers
cwinter@kimballyoung.com:kimball
renovateinc@aol.com:robern
marilynh@westheimerplumbing.com:westheimer
jim_babbitt@att.net:babbitt
joels@morsco.com:morrison
dsanoel@mindspring.com:Decorative
glynne@bkbg.com:glynne
barry.stephens@zehnderamerica.com:zehnder
hall.r@supergrif.com:supergrif
dave@tri-powersales.com:tripower
jpeterson@pencocorp.com:elegant
daryl@meritmetal.com:merit
jgregg@colonialbronze.com:jamie
soblem@dvps.com:mark
faye@designerhardwarebyfaye.com:faye
hdidesigns@aol.com:ken
vfindley@earthlink.net:vicki
dinopac@aol.com:dino
steve@pipeline-supply.com:jayna
marilynh@westheimerplumbing.com:marilyn
medina65@aol.com:ron
lrklein9@aol.com:larry
ralphsevinor@salemplumbing.com:ralph
steve@bathnet.com:steve
debbie@millerssouth.com:debbie
rayware@rayware.com:ken
jlawrence@lpco.com:joe
flairsup@aol.com:jay
tmullally@kwcfaucets.com:timothy
leslie@fry-comm.com:lhart2005
bill@fiddlers.net:bill
hetter@home.com:hoyt
molly.caplenor@bdhhi.com:molly
slandre@yowmail.com:shannon
billeness@seanet.com:best
jeffg@birdsalesinc.com:bird
gwalls@woodpro.com:glen
sherry@bkbg.com:sherry
dburcon@chartermi.net:david
furnitureguild@alltel.net:vanity
patricia_a_jardet@email.whirlpool.com:patty
thefullerhouse@earthlink.net:fuller
georgeselvais@WarmlyYours.com:georges
tgreenwell@gingerco.com:terri
jbyram@vacservice.com:michael
jl@ultracraft.com:jim
john.mort@the-stockmarket-.com:john
ken@tasklighting.com:kenneth
mksevertsen@theswancorp.com:mary kaye
topknobs@earthlink.net:george
dana@stonecare.com:dana
twargel@showerite.com:tom
sbolgard@seagulllighting.com:spencer
mavis@remcraft.com:mavis
robbyg@pedalvalve.com:robby
jspeakman@usctco.com:jim
Scott__Vickery@email.whirlpool.com:scott
sales@modernaire.com:steve
info@myhomeus.com:allon
troyde@ix.netcom.com:troy
marglas@merit-kitchens.com:marg
rpittard@bentwoodkitchens.com:randy
ddomoracki@beckermann.com:diana
ksremodel@aol.com:kenneth
christa@luxurybath.com:christa
dlippert@lipertcorp.com:dan
Mike.Goadby@fisherPaykel.com:mike
mgullotti@lippertcorp.com:mike
djohnson@jacuzzi.com:david
arykus@aquabrass.com:al
don@kasmarpub.com:don
jwood@brasstech.com:brasstech
jimh@medallioncabinetry.com:jim
pam@johnboos.com:pam
ralph@jayrambo.com:ralph
mike@homedesigngallery.net:mike
thedesignparlor@sbcglobal.net:daniel
joe.maiale@insinkerator.com:joe
arie@hollandbarstool.com:arie
randyc@hirsch.com:randy
frank-homefixns@comcast.net:frank
steved@hillcraft.com:steve
dalearcher@graff-faucets.com:graff
kathleen@hcfreight.com:kathleen
alan@glaazart.com:alan
geminibkp@geminibkp.com:christopher
philc@franklinbrass.com:phil
dino@rachiele.com:rachiele
glth@fantech-us.com:glenn
major@waterinc.com:dave
enclume@olympus.net:joni
terri@cliffsideind.com:terri
howkinson.steve@villeroy-boch-usa.com:villeroy
jdougherty@crossville.com:james
blindlholm@morsco.com:morrison
pat.kimener@chicagofaucets.com:pat
jeremyboroucoff@graff-faucets.com:graff
tom.embriani@bdhhi.com:embriani
erin@jadousa.com:jado
don@instileandrail.com:don
brandi.deere@daltile.com:brandi
chastainbassett@yahoo.com:sandra
esargent@masterbrandcabinets.com:eric
amerec@amerec.com:john
rlando@comhs.com:bob
alliedbrass@hotmail.com:tom
wclark@themetrocollection.com:warren
mjmilton@samuel-heath.com:samuel
csavko@bath-brass.com:charles
jinstone@mitchellhardware.com:john
yowelld@wt.net:david
rutz1@aol.com:1483
donsmith@centralazsupply.com:donald
jeff@brickmansinc.com:jeff
barry@aquaworks.com:aqua05
plumbingplace@aol.com:john
tom.price@callierandthompson.com:thompson
louis.rybacki@callierandthompson.com:louis
jay@bathhaus.com:jay
piercehardware@aol.com:mike
woodstone1@aol.com:russ
jmiles@wmsdist.com:joe
jes950@aol.com:jim
phil@valleycabinets.com:phil
thurstoninc@kitchensofcolorado.com:stephen
kitchmas@aol.com:ted
kitchengallery@prodigy.net:rodney
kderrick@thekdstudio.com:kimball
barjac@earthlink.net:jackie
israel.empire@covad.net:empire1
kbbk@excel.net:kym
mhorwath@starband.net:mark
stu@sdkitchens.com:stu
savesupply@digitaltristate.com:monty
sara@sarabusbydesign.com:sara
afpiazza@rsikb.com:tony
rokb@flash.net:tim
tom@sckb.com:thomas
dickr@robertsonkitchens.com:jim
rjkb@rjkb.com:tracy
steve@ri-kb.com:steve
bporter@fuse.net:bob
kabinetdesigner@aol.com:nancy
jn@nukitchen.com:joseph
sat822@aol.com:sales
westmkb@aol.com:michael
coddyp@lumberhardware.com:coddy
paul@mkbs.com:paul
jwtown6102@aol.com:jack
pmattix@mattixcabinet.com:paul
ROXANNE@rimsupply.com:roxanne
jack@markivkitchens.com:jack
luxury-bath@insightbb.com:robert
marchandinteriors@mindspring.com:chris
luccikc@sgl.net:guy
bob@little-little.com:bob
customerservice@littsplumbing.com:sandy
tim@interarchitectural.com:interarchitectural
hkuretzky@kurtiskitchen.com:howard
mkresge@kresgecontracting.com:mark
koremen@xvi.net:jerry
joec@homemakerssupply.com:homemaker
kitchen@cshore.com:richard
charlotte@kbcrawley.com:charlotte
kitwor@verizon.net:armand
warsmith@owt.com:warren
marlene@thecabinetry.net:marlene
info@kitchenkreators.com:terry
mark@kitchenencounters.biz:mark
mike@hot2cold.com:hot2cold
skipj@rohlhome.com:Rohl
dave@kitchen-design-studio.com:david
ovationcab@aol.com:terry
kclassics@aol.com:joe
kitdesign@cboss.com:rich
kitchenbathcenter@msn.com:robert
maryannelston@aol.com:maryann
kbconcepts@yahoo.com:peggy
carouselkitchens@earthlink.net:robert
kkahle@acorneng.com:neo
keymillwork@jam.rr.com:vincent
kemrolarry@harborside.com:larry
knbrep@verizon.net:luxury
kgkinc@aol.com:peter
info@jimkellerkitchens.com:james
megan@jackskitchens.com:megan
www.imperialhomecent@prodigy.net:william
tad@kodiakplumbing.com:tad
hks@one.net:mark
hmiller@howardmillerkitchens.com:howard
hkb3151@earthlink.net:robert l.
homeworks@centurytel.net:amy
bobhillinc@aol.com:mary
law80442@yahoo.com:lois
deneen@gulfshorekitchens.com:robert
genglass@westco.net:roby
evanskb@aol.com:richard
dnorton1@ix.netcom.com:dave
ducci@optonline.net:charles
gail@drurydesigns.com:james
rick@dreamkitchens.com:rick
designsbydovetail@yahoo.com:mark
distkits@swbell.net:bill
kitdir@aol.com:steven
rick@dillmanupton.com:rick
cannata@designersshowcase.com:jeff
cindy@designgallery.net:cynthia
info@decow.com:abraham
richard@customkitchensinc.net:richard
cuvee@stargate.net:joyce
jerry@customkitchens-ca.com:jerry
custdes@primary.net:mark
cdc@cdkitchens.com:jere
rstepp@citynet.net:rob
gfratman@aol.com:gary
mcfitzco@gpcom.net:mike
cindygraver@hotmail.com:cindy
homecabinetry@att.net:michael
rick@centralkitchen.com:rick
carusocabinet@verizon.net:denny
camkitjj@bellsouth.net:gerald
dave@cabinetsplus.com:dave
randy@cbd.mgacoxmail.com:randy
keith@finecabinetrydesign.com:keith
adam@cabinetencounters.com:adam
tom@cabinet-s-top.com:tom
gregd@cabinetdistributors.com:greg
deantighe@aol.com:Cathy
greg@luxurymarketing.com:luxury
nburuss@romasteambath.com:nelson
marc@bomarcdesign.com:marc
chris@bocakitchens.com:chris
eugene@bocakitchens.com:jay
ginnybkbg@worldnet.att.net:ginny
bkbg@bellsouth.net:lesley
eddie@bkbg.com:barney
bathmobile@aol.com:lee
oregoncopperbowl@oregoncopperbowl.com:oregon
ralph@arjay.com:ralph
applcabctr@aol.com:dan
alteradesign@aol.com:jim
joe@alliedkitchenandbath.com:bill
dhuff@wattersplumbing.net:darren
molly_abandk@sbcglobal.net:david
info@adcanvedkitchensandbath.com:roy
debc@activeplumbing.com:debbie
acornkitchens@earthlink.net:gary
alext@yahoo.com:alex
sbyrd@steamist.com:sam
topknobssales@earthlink.net:eric
chuckjohnson@alltel.net:chuck
dino@vogaind.com:dino
kjamesgobo@aol.com:ken
herleyt@amstd.com:123456
jeff@remcraft.com:jeff
Adrienne_L_Nelson@email.whirlpool.com:adrian
jevasco@barclayproducts.com:enrique
asta@baltica.com:uab
sales@vallivalli-us.com:mari
pedro@altmansfnf.com:altman
blankford@lankfords.com:lankford
bestrep@aol.com:chasco
SSGteam@aol.com:ssmad
jason@bkbg.com:jason
sales@classic-brass.com:brass
cmarshall@kwcfaucets.com:kwc
jason@premier-marketing.net:premier
classiccd@iw.net:roger
steinhoff@adelphia.net:longtrip
jay@bathhaus.com:bath
hanseurobath@hotmail.com:eurobath
don@peaksalesandmarketing.com:peak
jjlong@swbell.net:long
dick_isaacs@mindspring.com:mariner
tgbs19@comcast.net:smom
mgmsales@aol.com:mgm
cobymcinnes1@cox.net:mcinnes
doug@luxurymarketing.com:luxury
newbath@aol.com:stover
rwhinc@aol.com:ray
dyowell@hollywoodhardware.com:yowell
major@waterinc.com:everpure
ravery@pinnaclesalesgroup.com:pinnacle
sherer2000@aol.com:dyju
janetpace5@aol.com:netjan
aabel@watermark-designs.com:watermark
goodmanj@dvps.com:delaware
susan029@snet.net:klaffs
bbmrktgaz@aol.com:bbmarketing
l.ferland@wetstyle.ca:wetstyle
denise@fiddlers.net:dff3h
sbaker@crescent-supply.com:baker
tonyam@prosourcesupply.com:prosource
crayw@bellsouth.net:whitehead
mark@decorative-resource.com:rutter
rlessans@comcast.net:learn
KeenanLM@comcast.net:slie
hpodolsky1@bellsouth.net:podolsky
tworbob@earthlink.net:double
pmgpjd@aol.com:pacific
robert@shamrockpl.com:shamrock
wendy@sierrawestmktg.com:sierra
dennish@purelyonline.com:premier
kc@stabecksales.com:stabeck
tmurphy@klaffs.com:klaff
sales@premier-mktg.net:premier
randy@matlack.net:matlack
doliner@bellsouth.net:doliner
karenl@meritmetal.com:merit
marka@associatedsalesdp.com:associated
larry@water-ware.com:waterware
jkp@klaffsinc.com:klaff
jrosenberg@sonia-sa.com:sonia
kennygee124@aol.com:hardware
brad@pacificplumbing.com:pacific
costera@alliancereps.com:alliance
ed@delreysupply.com:1949
john@theweinsteingroup.com:weinstein
billandtwc@aol.com:castor
ddees@steamist.com:steamist
bev@millerssouth.com:millers
doris@djmehler.com:mehler
beth@beththorne.com:thorne
jevans@vanitybath.com:cole
chriscoles63@hotmail.com:absolute
brassrep@optonline.net:hornstein
tchamberlin@aquabrass.com:aquabrass
groa@helvex.com.mx:helvex
deskitinc@aol.com:mathew
crowclosetohome@aol.com:frank
madeline@uhi.com:madhot
russ@snyderdiamond.com:diamond
musso@mondobrass.com:mondo
rebecca@thebgs.com:112381
urssyla@aol.com:ursbr
Valerie@jaclo.com:jaclo
amy.henderson@maax.com:maax
fred@calfaucets.com:california
ribrass@aol.com:brassworks
mariposakb@cox.net:christy
mikeweaver@covad.net:weaver
dkursh@bellsupply.com:david
david@drs-associates.com:drs
scott@amarantdesign.com:scott
joe@dakotawholesale.com:dakota
Tbc92692@aol.com:bathco
gene@sbplumbing.com:santa
dramirez@geminibkp.com:gemini
corinnemarcot@aol.com:corinne
ziggykulig@meridiangrp.com:graff
thefinial@sbcglobal.net:finial
davidk@advantagebath.com:advantage
KNilsen@KBGALLERIES.com:kbgalleries
mike@mandelsales.net:mandel
steven@theglassmithshop.com:glassmith
Sales@Tjader.com:tjader
bestrep@pacbell.net:landsberg
triwestinc@aol.com:triwest
jnovack@forbes.com:gol
ronk@islandbath.com:island
kayep@chown.com:chown
krafthardware@earthlink.net:kraft
cbaur@meadowcreeksales.com:meadow
bestrepnorth@aol.com:stone
russ@snyderdiamond.com:russ
rich7048@aol.com:cornelia
raybernco@aol.com:rayburn
davidk@bellsupply.com:bell
ronhoek@dolphinmktgrp.com:dolphin
noah@calfaucets.com:california
cj@chicagobrass.com:chicago
sheldon@edelmanplumbing.com:edelman
awilkinson@wilkinsonsupplyco.com:wilkinson
betsy@tkoassoc.com:tko
aaron@englishtubs.com:victoria
jfitzsimmons@totousa.com:toto
newcent@infinet.com:new
bill@qppionline.com:quality
jadodoc@aol.com:bryant
accuraelh@aol.com:accurate
brassman1@mac.com:s&h
jerry@designerhardwarebyfaye.com:norton
decorhdwr@aol.com:dhs
dirubi430@aol.com:rubrub
apace41@aol.com:apa
carol@heatwavesupply.com:heatwave
ed@graysalesinc.com:gray
lsmjim@lockesales.com:lsm
darryljones@hutterwholesale.com:hutter
dongeorgesales@cox.net:george
jack_burdick@irco.com:jack
bnelson@everpure.com:everpure
cobcourt@aol.com:court
hymand@ussupply.com:us
jeff@jdlassociates.net:jdl
eyal.altman@phylrich.com:phylrich
Barry@UnionHardware.com:UQqKE9
mireille.morin@julien.ca:morin
thorne@caldwellscollections.com:caldwell
jeff@calfaucets.com:california
ptakasch@aol.com:aquaware
jonas@bestplg.com:best
jackiepfister@yahoo.com:mntgmry
bclore@covad.net:belmont
david@unionhardware.com:dcg
dcolliton@woodmonttriangle.org:Bela
mel@southwestkitchen.com:john
miramarbath@aol.com:nicole
emccaughey@thejoyceagency.com:joyce
blfoley@sbcglobal.net:barbara
emorris@vonmorris.com:von
spencab@aol.com:bill
dan@hiddensafes.com:daniel
paula@bobiersales.com:bobier
mtruncale@ewswater.com:ews
oliveroo@exchange.nih.gov:nih
tedbedell@comcast.net:tkeb
druryd@AmericanStandard.com:drury
juan.guerra@tebisausa.com:tebisa
sdph@bellsouth.net:designers
rohleast@msn.com:rohl
c.carroll@acmemfgco.com.:nostalgic
douglash@westheimerplumbing.com:westheimer
bryceweaver1111@hotmail.com:weaver
irjillestes@aol.com:engineering
mmadrid@lbbrass.com:lb
thomas@thomasramos.com:ramos
darlingtonconsulting@gmail.com:darlington
craig.helenbrook@hansgrohe.com:hansgroche
brians@ebdist.com:e&b
sonya_leaman@hotmail.com:chris
blarue@plumbery.com:plumbery
elankitchen@earthlink.net:john
bduffy@siematic.com:bryon
rawheeler@yowmail.com:russ
sales@barclayproducts.com:gil
rputnam@richelieu.com:randy
frederick@calfaucets.com:california
wry@abledistributing.com:keith
jdh@instonegallery.com:jimmy
cyoung@kimballyoung.com:kimball
elysia@sustainablesolutions.com:faucets
matt@advantagereps.com:advantage
hzawila@aol.com:taylor
jfgodbout@aol.com:dbout
bobhallwig@cs.com:state
jody.vetsch@maax.com:maax
anitaf@studiofortyone.com:studio
jan_leighty@fc.mcps.k12.md.us:school
m.mccullough@acmemfgco.com:nostalgic
bmcdonald@mcs-va.com:eap
rutz1@aol.com:decorative
williamc68@hotmail.com:b&b
countryda@aol.com:b&b
dscott@morsco.com:morrison
michael.cantu@telus.net:cantu
jogregg@colonialbronze.com:colonial
june@millerssouth.com:millers
paula@millerssouth.com:millers
pete@millerssouth.com:smyth
trevor@millerssouth.com:millers
mark@millerssouth.com:millers
kathleen@millerssouth.com:millers
michael@dubois-usa.com:dubois
jerry@wms-marketing.com:williams
vancesales@earthlink.com:vance
calmaj@pacbell.com:majestic
jon@allart.co.uk:frankallart
msiwy@sonia-sa.com:sonia
gtssales@gtssales-mktg.com:gts
bpowellsilvertip@aol.com:silvertip
imorales@satx.rr.com:silvertip
staceysinger@alnoinc.com:singer
sistwan@cs.com:alno
melissa@o-ceana.com:oceana
kmoore@kwcfaucets.com:kwc
anna@lacavadesign.com:lacava
jmeiluta@vonmorris.com:von
cabinet@fairmontdesigns.com:james
alan@capitolhardware.com:alan
cobcourt@aol.com:melissa
natalien@ussupply.com:us
thorne@caldwellscollections.com:thorne
tcarter@carterhardware.com:tony
beberly@markivkitchens.com:bob
sheldon@edelmanplumbing.com:sheldon
charlie@murraysupply.com:charles
thefinial@sbcglobal.net:ron
frankp@plumbingnthings.com:frank
davidc@chown.com:david
rebackplum@aol.com:robert
cj@chicagobrass.com:cj
ted@dakotawholesale.com:ted
kfrechette@bainultrausa.com:bain
steve@sheddensales.com:shedden
frank.liebetrau@laufen.ch:laufen
veronica@heatwavesupply.com:7373
guyi@cmsny.net:hamat
jpedulla@gracioushome.com:gracious
jwalsh@fairmontdesigns.com:fairmont
frenchp@bravurabrass.com:golfer
udo.topp@nobilusluxury.com:stone
marthaore@aol.com:steam
cmenteverdi@sussmancorp.com:steam
mafrenette@bainultra.com:bainultra
mrichardson@comhs.com:community
ralphsevinor@salemplumbing.com:salem
lisa@hillshowcase.com:hills
josborne@atl-cifial.com:Cifial
rebackplum@aol.com:reback
david@unionhardware.com:ssdavid
sschuster@blancoamerica.com:blanco
lsmjamison@msn.com:licke
lsmcorey@msn.com:locke
windermeredesign@aol.com:mike
smorris@vonmorris.com:von
keith.fairbairn@foreignconcept.ca:foreign
chuckbutch@cox.net:altman
merilynn@boulderbath.com:boulder
budessig@carrsupply.com:carr
columbuswne@earthlink.net:columbus
erik@sonomaforge.com:forge
jeani@kbh.com:jeani
bruce@turnerbuilt.com:nancy
showerall@jaclo.com:sandylarry
deebaker@rev-a-shelf.com:dee
joe@elitebath.net:joe
debra_j_aplan@fc.mcps.k12.md.us:kids
cbrown@omegacab.com:connie
bkbgstlouis@msn.com:nyra
Fred.Huebner@FisherPaykel.com:huebner
mikej@rev-a-shelf.com:michael
nancykearnes@westcogroup.com:westco
info@whitehauscollection.com:dave
blee@crossville.com:beth
Martin.Lipman@FisherPaykel.com:martin
sales@woodmark1.com:gary
Sally_A_Mashburn@email.whirlpool.com:sally
amanlove@rosleusa.com:ann
remov@jasonint.com:remo
jcrdist1@airmail.net:brad
rfagerberg@hotmail.com:roland
gnathan@mngdesignerhardware.com:glen
jerry@rchristensen.com:jerry
erin@jadousa.com:erin
rmacneal@att.net:hydro
jlicari@russellhardware.com:jim
jonas50@aol.com:jonas
austinsales@cox.net:austin
sjenkinson@barwil.co.uk:barber
mike@batesandbates.com:bates
rseaton@natphil.com:natphil
kate.brady@hajoca.com:gorman
hibjohnson@alltel.net:flair
kyle@focuskbsales.com:focus
jerry@tri-powersales.com:tri
ebarron@the-beach.net:everything
steve.rice@genpl.com:general
cthomes@homevalu.com:homevalu
showroom@nbhco.com:nbhco
hearthst@iserv.net:shannon
nburruss@romasteambath.com:hpaustin
hascon@msn.com:ralph
jmaleh@alliedbrass.com:allied
wrmathisen@aol.com:bill
nobhill_hardware@hotmail.com:alan
tcunningham@theavenuekitchens.com:morton2005
rizzo@acsalaska.net:valerie
rnickels@centralsupplycompany.com:rosie
greg@leightyskitchenandbath.com:greg
alan@wexfordsupply.com:alan
Kate.Maselis@hansgrohe.com:maselis
annawilliams@barclayproducts.com:barclay
jevasco@barclayproducts.com:barclay
mattwhitley@carrsupply.com:matt
jerry@rchristensen.com:christensen
Joehoek@dolphinmktgrp.com:dolphin
betty@cabinet-s-top.com:betty
cabinetencounter@edelphia.net:bob
cindagoda@aol.com:cmam
pquicquaro@aquabrass.com:aquabrass
kim@gallowaylumber.com:kim
aweide@hureco.com:weide
shain_hamilton@msn.com:shain
lloyd.leblanc@julien.ca:julien
jharvey@sunnywood.biz:sagehill
Lfox@formsandfixtures.com:forms
jeffrey.bierman@elkay.com:phylrich
info@elitebath.net:elitebath
eddie@bkbg.com:bgs
davidcrossley@verizon.net:6606
fuba@aol.com:elitebath
representations@msn.com:representations
clark@netscorp.net:vidal
david@nestps.com:david
andrew@sckb.com:andrew
sandybugiepatterson@yahoo.com:bugie
burenstock@aol.com:minb
kavery@jlkbg.com:jlsbath
sue@hagerstownkitchens.com:sue
familykb@yahoo.com:robert
vsh@shaw.ca:speciality
kelsey.knapp@eurobath-tile.com:eurobath
ken@excel-plumbing.com:excel
chris.baldwin@kohler.com:kallista
brads@jcrdistributors.com:pierce
heather@heritagemarketingoftx.com:heritage
steve@raksales.com:rakieten
michelle.gross@insinkerator.com:insinkerator
lindawinkleman@msn.com:copia
damarsales@earthlink.net:damar
danny@prowestgroup.com:prowest
praleigh@centurysd.com:century
timmullally@sbcglobal.net:taps
pchandler@ambellahome.com:ambella
gmoussa@ambellahome.com:ambella
mdonovan@edgelighting.com:edge
eva@brasstech.com:brasstech
rhill@barwil.co.uk:barber
aJaigobia@barwil.co.uk:barber
dtseng@tonusa.com:tonusa
jennifer.raden@kohler.com:kallista
lagarcia@winnelson.com:winbath
amante@optonline.net:focus
sherri@mckinney-agency.com:mckinney
bryan@mechler.com:mechler
lgreig@langdonmills.com:langdon
hpusapaull@gmail.com:highpoint
llgskis@ptd.net:1022
michaelhealy@michaelhealy.com:healy
rkrueger@unisonhardware.com:unison
markbermn@aol.com:benjamin
michelle@bannerplumbing.com:banner
jenniferc@ultradesigncenter.com:ultra
nhess@nortesco.com:natphil