user_name:user_pass:user_email
aaa:lisha123:asd@gmail.com
aatheshsoft:123456:aatheshsoft@gmail.com
ab:test1234:toxac88464@etopmail.com
Abbigail Burgess:Newpw123:sawerulo@uber-mail.com
Abhay M:abhayajay.1063:abhaym312@gmail.com
ads:shamsddera123:1210@gmail.com
ahmad:ahmad123:mujahidin313.mcs@gmail.com
Ajanta Saikia Sarma :orchid@online:mailajanta@gmail.com
Ajay Xavier:Supernaut1:ajayxavier@gmail.com
Ajitha Wilfred:amywilfred:ajithawilfred@gmail.com
akhas das:12345:akhasdas7685@gmail.com
Akhilesh gl:Akhilesh123:9535284785gl@gmail.com
Alice :orchidd133:alicesubita@gmail.com
Amar Jyoti Tripura:Irin@1432:jmanofdestiny@gmail.com
Anand S:anandnlbr123:anandnlbr@gmail.com
Andal Dasani:bubsdd:bubblesdasani@gmail.com
Angela:Orchids:angiemomin@gmail.com
Angshuman Roy:angshu1234:angshumanroy01@gmail.com
ANISH:Ani@7533:anish.chekkal.ani@gmail.com
Anisur Rahaman:rinkisona123:anisur691@gmail.com
Anjali kishor:dendrobiam:anjalikishor2010@gmail.com
Anju:Anju2renjith:diljaas@gmail.com
Annal Mary:jamesjim:jimlitton@icloud.com
Anthony Carvalho :ephathah:carant13@gmail.com
ANUP MONDAL:7872688045:anupmondal031972@gmail.com
Anurag:iamadimond:anurag.indy1@gmail.com
Aparna Bagchi:Putul111111:aparna05.bagchi@gmail.com
ARIFA abdurasheed:welcome:arifarasheed7@gmail.co.in
Arijit Pyne:jeetari_83:arijit.pyne@gmail.com
Arjun Prasad:Rynco123:arjunphotography@gmail.com
Arnab Biswas:joymatara123:tarabhawan@gmail.com
Arunima Baruah Phukan:Bestorchid:arunimabaruahphukan@gmail.com
Arveen Singh:jujhaar:arveen.singh5@gmail.com
Arwan Kharmujai:redridinghood:weilam2233@gmail.com
Aryag:orchid:aryaremanan1997@gmail.com
asdasdasd asd:qweqwe123:asd@asd.asd
Asenuo:appleseed5239:aserutsa5239@gmail.com
Asha Nair:Manu@2008:asha.harikrishnan@gmail.com
asha shanmughadas:kaliamma:ashananihospital@gmail.com
Aswani:rajhouse24:aswanibabyrajan@gmail.com
Athira:ilobekannan:athi6112@gmail.com
AvishekPandey :iloveorchid:avishekpandey@gmail.com
Avneesh Pasi:lavanya:Avneesh@Dsolutiongulf.com
Ayswarya R Kurup:teddybear2013:ayswaryarkurup16@gmail.com
Bailad C P:Orchid@595236:bailadcp@gmail.com
Balan T:vilubalan112:balantharayil49@gmail.com
BEDPRAKASH RAY:SAJALRAY:bedprakash.ray@gmail.com
Beena J pillai:mKEf3xAuUVkPwNs:ajinj500@gmail.com
Bendangla Amer:bendangla:ben_dangla@yahoo.co.in
Bhupathiraju Sujatha:rynco:dr.vijayabhupathiraju@gmail.com
Bibop:memek666:bibop@gmail.com
Bilcy:Leela1211:bilcy_jaison@outlook.com
BINU RAJU:Vavachi#2330:24aaron2011@gmail.com
binuraj c:rajvihar:drbinuraj2005@gmail.com
birendra singh kathait:biru@123:kathaitbiru1@gmail.com
Bitty Pal:Bittu123@:iambittupal17@gmail.com
boominath:123456:boominath35@gmail.com
Brendan Dias:fea2134&uel:BDias2@gmail.com
Cecil:rachel09:alphonso.cherryl@gmail.com
Chandini Subramoniam:orchids:s.chandini@gmail.com
CHANDRAKANT:444444444:malkar04@gmail.com
Cheryl Pereira:seansasha:cp19@rediffmail.com
Chethana  Shankar:samsamcha:chethana.shank@gmail.com
Chingtham Raikumar:manipur123#:chraikumar@gmail.com
Chiranjit Debbarma:rynco89orchids:chiranjit_db@rediffmail.com
Chitra:aparna@2006:chitrasrini085@gmail.com
Chivarin Khus:qwerr:wujen21@yahoo.com
Christel:201046325116133Cp:christel_pienaar@yahoo.com
Dawn:Rynco@888:georgedawn@gmail.com
DEBABRATA HALDAR:dev@123:devhaldar123@gmail.com
Debapriyo pal:Hdfc@2019:debapriyobdn@gmail.com
debdulal baidya:dbsonali:debdulal.baidya@gmail.com
DEBRAJ BANERJEE:rajbasab:debraj_raj@yahoo.com
deena:GoanExplora:deenapatan@gmail.com
Deena chengappa:dendrobium:deena.chengappa@gmail.com
DEEPA R S:sowrav636:deepadileep75@gmail.com
DEEPA SONOWAL:deepasonowal:deepasonowal85@gmail.com
Deepika V Nair:9846755vishakam:deepika1988vdeep@gmail.com
Deepthi Singh:pass123:deepthisingh@gmail.com
Dena Dsouza:Orchid:deenajude@yahoo.com
Dexith Kumar:dexith123:dexithkumar123@gmail.com
Dhanya:krishnan1961:vijaydhanya12@yahoo.com
DHANYA JOSE:orchids@123:dhamyajose@gmail.com
Dhivya :lavdekabaal7200:dhivyadurairaj@gmail.com
Dilip Kulkarni :248kuldip:dmk@skycomex.com
Dipankar Dey:dip1975:dipankardey1975@gmail.com
DITHARAJ BRAHMA:sushmamail7@:ditharajbrahma@gmail.com
DITHARAJ BRAHMA:97068y2194:sushmamayeng@gmail.com
Dr Abdul Salim Kiliyanni:Bava*8640:drsalim@gmail.com
Dr Meghnad Joshi:zecZun-habmod-nonte3:drmeghnadjoshi@gmail.com
Dr SAIRAJ KUMAR:orchidpassion@100:drsairaj@rediffmail.com
Dr sulaiman:<blank>:drsulaimanch@gmail.com
Dr T Senthil Kumar:rknhtry:tskrnh@gmail.com
dsjhcds:8961005391:pagalkothakare@gmail.com
eedvedf:gcghmbnbm:123@gmail.com
EkASiQBlDYhmvRXw:9x81rnpONWRZ!:gorton.emmery@yahoo.com
EMahkNSBJqZl:helmI7sQR:johnrogers10896@gmail.com
Ernest D. Samuel:eds1960:ernestdsamuel@yahoo.co.in
Essaki Sundararajan:Sunilrithika05$:ramesh.sundararajan@hotmail.com
Fareeda P K:9946138919:fareedapk09@gmail.com
FIdvRbiKcm:Pdk4o65iq02r!:garner_whetton@yahoo.com
Franklin fernandes:Hunter8149:franklinfernandes00@gmail.com
Freny Rodrigues :afsa7119:frenyangelo@gmail.com
gargi:maxheap123:gargi.mungekar@gmail.com
Gaurab Jyoti Kalita:degaurab9024:jyotigaurab123@gmail.com
Gautam Thacker:penguin22:gautamthacker@gmail.com
Gayathri:raja007:agrogayathri@gmail.com
Gayathri Gajare:yahoomail:gayathrimg@yahoo.com
Geethanjali:apple:geethanjalipadma@gmail.com
Gita:rohitriya:gita_mathew@rediffmail.com
Gopal Chowdhury :gopal1200:gopalchowdhury26@gmail.com
Gopal Chowdhury :gopal1200:gopalchowdhury200@gmail.com
Gopinath :gopinath.2964:gopinath2964@gmail.com
Harikrishna R:redrose075:harikrishna075@gmail.com
Harikumar R:sarihari:sarihari@gmail.com
Harikumar R:sarihari:sarithapillai@gmail.com
Harsh:nitin:vetharsh@gmail.com
HARSHAKUMAR M:Devak@7451:harshanunni@gmail.com
Hema Bhatt:ryncho123:bhatt.hema26@gmail.com
Herman Sequeira:herman@64:sherman200564@gmail.com
hidden:thisIs@123:test10@mailinator.com
Hkr:resrose075:hkr0750@gmail.com
HRIDAYANAND:10THaUGUST@2019:SHRIDAYANANDG@GMAIL.COM
Ian Dias:rdyan2004:iandias66@gmail.com
Impa:kushikiran99:impa.kiran@gmail.com
Ishaan:den22#:ishpagay@gmail.com
J Golda:elephant:rajeshnigolda3@gmail.com
jack:1234:tovisa1088@imail5.net
Jacob:tutuhagetabing:jacobtabing@gmail.com
Jairaj Somasundaram:sapt3430:Jairajhs@hotmail.com
Jaisakthi S M:jiteshkumar:jaisakthism@gmail.com
JAYAKRISHNAN :552556:jkn428@gmail.com
Jayashri Umashankar:ihatemen@77:jayashriuma@yahoo.com
JAYASREE AJAY:jaya090470:jayaajay09@gmail.com
Jerbin SM:44jerbin:jerbinsam@gmail.com
Jesud:12344321:ncr209839@gmail.com
Jidin:9995977234:jithinh26@gmail.com
Jija:orchid:Kurumpelilk@yahoo.com
Jijeesh:sreesree:jijeeshlj@gmail.com
Jijeesh L J:sreesree:jijeeshlj@yahoo.co.in
jimmi:7025711565:jimmisimon8@gmail.com
Jis george:Littykunje86@:jisvarghese7939@gmail.com
JISHIN A P:ryncoorchids.in:jishinap10@gmail.com
John joseph:dandav:jojoklm@yahoo.com
Jonathan:Acer1234$$$:infinity40@rediffmail.com
JOSCEN MIRANDA:kwBN4P:joseminguel2009@gmail.com
Josejayson fernandis:mahima123:josepjfernandis@gmail.com
Joseph Ebinezer:Trainer@1991:j007ebinezer@gmail.com
joseph robert:mottukuttan57:drjrobert@gmail.com
Joy Kurian:rynco12345:joyipekurian@gmail.com
Jyothi urs:vinjo5:vinjo5@rediffmail.com
Jyoti Sarkar:rumpel79:naxatra2001@gmail.com
Jyotsna Basu:picie123:jbmedlab@gmail.com
Kanchan Gogoi:Reptor@me5:gogoi23kanchan@gmail.com
Karan sharma:neerasharma:karanneera786@gmail.com
Kowsalya R:andromeda9:r.kowsalya@gmail.com
Krishna Kanta Das:post1577:hridayangam@gmail.com
Krishna Kumar Thakur :9827929776:krishna024k@gmail.com
Kunal Shetty:godiva1234:kunalshetty20@gmail.com
Lalthlanmawii :jordan15:teilawtlai@gmail.com
Lanisha :lanisha1996:rodrigueslani12@gmail.com
Lawrence Joseph :veluthukarren:lawrencejv@gmail.com
ldkflk:123123:lkmsdflk@gmail.com
Lisha:lisharenjith:lisha3990@gmai.com
Lisha Renjith:abiyarenjith:lisha3990@gmail.com
M Rajani Deepa Chitla:rondurao:rajni.deepa81@gmail.com
Maddy:damon@123:adf@gmail.com
MADHAN Kumar:reset123:mmdhnkumr@gmail.com
manav kitsu:mk1239:kitsu1234@gmail.com
Manish Prakash:B@bl00c8:manishofficial@gmail.com
Manoj Milinda:cristianomili7:manojmilinda7star@gmail.com
MAYURESH HEDE:123@@abc:hede@ghcl.co.in
Md Ezaz hussain:ricky123:ezaz_hussain@yahoo.com
Meena Harikumar:koppile:meenaharikumar1@gmail.com
Meena M M:Arunarun:meenarun@gmail.com
Meghana:Truebeauty@1:greatestheights@rediffmail.com
Mel:yannick27:Fernandesmelicio@gmail.com
Merlin Mathew:meriacha:merlinmathews007@gmail.com
MG purushothama:gundaa98:purshee@yahoi.co.in
MINI:the3mini:minibastin@gmail.com
Moanaro Jamir:lensur2017:tjnjamir@gmail.com
MOHAMMED RIYAS:Mannutty@1:pvmriyas@gmail.com
Monika Rao:ultima150b:monikarao@hotmail.com
Moumita :mouchem:moumitamondal0306@gmIl.com
MRS ANTHEA ESHWER:orchid123:anthea_eshwer@yahoo.co.in
Munmun Brahma Mushahary:jaihanz2010:munmunmushahary@gmail.com
Munmun Brahma Mushahary:jaihanz2010:munmunmushahry@gmail.com
Murali:fifa2006:smvish@hotmail.com
Murali Viswanathan:fifa2006:muralisv@gmail.com
Mysore Samartha Suresh:hassan07:mssureshhsn2@gmail.com
N b giri:creams:dr.giri@yahoo.co.in
N Shivanandan:orchid:ns.bumikas@gmail.com
Nalina Appaiah:nalina@1241059:nalinaappaiah@gmail.com
Namitha Bhupalam:shoprynco123:nbhupalam@gmail.com
Namrata Acharya:namrata@82:namrataacharyathemaskar@gmail.com
Nandhini :sanchita:sundaresannandhini@gmail.com
NARESH GUPTA :naresh$23:mrityunjay230874@gmail.com
Nasara S:2020:nasararahim@gmail.com
Nasara S:0105:chalameri123z@gmail.com
Nasiya:password:nasiyamehndi@gmail.com
Navya:navya21:mosamnavya21@gmail.com
Neelam Sagar:neelam9999:neelam@sagarworld.com
Neelambara Malik:Makeupfan18:neelambara.malik@gmail.com
Nibedita Singh:ChubuRyncoOrchids:nibeditasingh@gmail.com
Nilesh Pore:niq@123:nileshpore6781@gmail.com
Nisha:FirozKhan:nishafiroz16@gmail.com
Nishana:nishabasith:nishana.ji6@gmail.com
NITHIN :Eversmile@007:donithin007@gmail.com
Noel Luke George :noelluke1989:inchristalone.noel@gmail.com
noiojioj:dupaduap111:woyeko@temp-link.net
Norca Vas:reliance05:norcavas555@hotmail.com
NRN:Natsums-123:natsumathi@gmail.com
onrhvegtet:mgBiyp:<blank>
OWEN LOBO:freshfire:loboowen7@gmail.com
Padmaja yadlapati:padmajay:padmaja_yadlapati@yahoo.com
Pallavi Phadte:pratyaksh:pallaviphdte@gmail.com
Pallavi Phadte:pratyaksh:pallaviphadte29@gmail.com
PARTHA PRATIM BERA:Parthapratim@60:parthapratimbera0@gmail.com
Pinaki Prasad Das:buri@das:orchidoriam@gmail.com
Prabhu Thanga Marthandan:tnk377:prabhupandiyan143@gmail.com
Prabir Kr Mandal:mandal1:prabir123@gmail.com
Pradeep Singh Gurung:IC27631M:prdpgurung@gmail.com
Pradeesh Gopi:athi_6112:pradeeshgopi@gmail.com
Pranjal Ghosh:Pranjal36@:pranjalghosh@gmail.com
PRATYUSHA KUMAR BARAL:guddu@2019:praty.reddevil@gmail.com
praveen :praveentechn0:alpine.net@hotmail.com
Praveena Eeturi:vickyvicky1:rameshnpsab@gmail.com
Priyaantony :starlet:priyaantonyachavara@gmail.co
PUNEET MAINI:qaz11111:pkmaini@gmail.com
Rahul:vedant02:rahulrane@live.com
raja:8910914933:sdvdfs@gmail.com
Rajarshi Mitra:isseihuedo1@:rajmitra13@gmail.com
RAJAT JYOTI PAL:ami87jani:ranacob78@gmail.com
Rajdeep  Sood:aravsood:rajdeepsood@gmail.com
Rajeev Kumar:Ab0556161884:rajeevkaushal630@gmail.com
Rajith Kumar:kl08bh1112:raj20ith@gmail.com
Rajsekharsharma:Udaya@8215g:hvac.rajsekharsharma@gmail.com
Raju Kunnath:neha2004:Raju.kunnath@live.com
Rakesh:666666:pbrakesh@gmail.com
Ramakrishnan:raja007:ram@agropharma.com
ramanan:asd123..:poparafo@coin-hub.net
Ramesh Babu kakarala :05kaka04:rbkakarala@gmail.com
RAMYA THANDASSERI:ramyakala:ramyathandasseri101@gmail.com
Rashidha :1234:rashidharaisa@gmail.com
Rebecca:myorchids123#:Red.littlestar3@gmail.com
Rebecca:myorchids123#:Rebecca.perme620@gmail.com
REMA KUMARI:mohandas:remadas@gmail.com
Remiya:remiya4197:remi4197@gmail.com
Remya nisin:remyarnair1:remya1510@gmail.com
Remya R S:Rincho:remya.kiwi85@gmail.com
Remya Raj:Remyasyam@123:remyasyam41@gmail.com
Remya Sudhi:miyanachi1985:miyasudhi@gmail.com
Renjith V R:renjith:getrenjithvr84@gmail.com
Reshmi Chandra:poovopoovu01:chandra_reshmi@yahoo.com
rico:987654321:rico@mailline.net
Riya Justin:augustinnirmala:neochris3127@gmail.com
ROHIT S:rohit@1995:rohitsjg001@gmail.com
Rolando de Melo:lan17lee22:dvroland@yahoo.co.in
sabuj das:13*sep*1983:sabujdas93395@gmail.com
SAIBAL BASU :saibalzinnia2002:saibalbasu1974@gmail.com
Saikat Mandal:munmun:bubun_1978@rediffmail.com
Sajith Kumar:9846755577:sajithrynco@gmail.com
Sakunthala R:rijubindhu:bindhusraju@gmail.com
Salim Aliyarukutty:Maples123:Salim.aly@gmail.com
Sally Mathew :sal@2204:sallymathews70@gmail.com
Sanal:girideepam:sanalkt4@gmail.com
Sanchari:Shopless@2019:sanchari.ghosh93@gmail.com
sandhya:SANDHYA:karottu345@gmail.com
Sandhya b nair:pbnair@123:niranjankrishnakumar2001@gmail.com
SANDHYA B NAIR:pbnair@123:sbnair21@gmail.com
Sangamithra JB:Rudra2416@:rudrasangamithra@gmail.com
Sangeeta Patel:sangeeta1966:sangeeta@cybergal.com
Sanghita Banerjee:i@loveorchids:soniya8458@gmail.com
Sanjeeth Peter:Password1524:sanjeethpeter@gmail.com
Sanjib kumar Patra:ssc2007patra:ssc.patra@gmail.com
Sanjib Roy:24357823:sanjibshourya2015@gmail.com
Sanjoy  kumar Tikader:sanjoy1967:sanjoytikader67@gmail.com
SANJOY MONDAL:yojnas:meet_sanjoy@rediffmail.com
SANKAR KUMAR MAZUMDER :sankar1957:sankarmazumder@hotmail.com
Santu ghoh:santubwn1:santu100in1@gmail.com
sarika:Delh12012:sarika0singh@gmail.com
Sarika Inamdar:sunshine:sarika_inamdar@hotmail.com
Saritha:puttumpazhavum:sarithagcpy@yahoo.in
Saritha pillai:satihari:sarithavr75@gmail.com
Sarojranjan panda :herdyf-waVky8-wukxuh:sarojranjan24@gmail.com
Sathvik :myonlineorchids:sathvikrai1@gmail.com
Saurabh Sarmah:Bulletbaba@525:saurabhsarmah761@gmail.com
Sayan Biswas:sayan123:sayanb35@gmail.com
Seena S Nair:rynco735655:seenasnair735655@gmail.com
Seena S Nair:rynco97469:seenasnair97469@gmail.com
selvi chendil:9945462377:selvichendil@gmail.com
Selvin:12345:trinitakumar@gmail.com
SENGCHANG DALBOT SHIRA:sds11@80:sengchangshira80@gmail.com
Sentirenla Pongen:cocacola1$:sentipongen7@gmail.com
Shafeeq tp:allahuakhbar:Shahitp@gmail.com
SHAJI P:S230260p:shas2u@gmail.com
shajila n v:nandu2000:shajilashanooj@gmail.com
Shalin:aaBB11!!:shalinv90@gmail.com
shanooj o k:n andu32000:shanoojok@gmail.com
Shanti:shanti1988:eurekaa.shanti@gmail.com
Shashikala:ssak0804:skala11477@gmail.com
shashikant:123shashi:drskbagra@yahoo.com
Sheetal:tpsept@2019:shtlroche81@gmail.com
SHINGO Diaz:112 W. 7th Street:ads@gcm.cm
Shraddha Naik:rynco123#:naikshraddha@hotmail.com
Shruti H Rao :shruti:shrutihrao@gmail.com
Siby Ani Kurian:chris123:kurian.ann@gmail.com
SIMI V S:simi12345:simivpramod@gmail.com
Siva:tigerking:Gnatppan@gmail.com
SjUDvBMizkVfAoy:UT1Mm0br9Npz!:elwinmacdonald793@yahoo.com
Snahashis Sarkar:pap2703:sbaptu@gmail.com
SOBIN K JOSE:emilymaria@8191:sobinjose@yahoo.co.in
Soma Biswas:qwertyuiop:1992.sougata@gmail.com
Somaiah Uthappa:Bangalore_10@:somaiahuthappa@gmail.com
Soumik:9674537487:soumik.nandy123@gmail.com
Sourav maity:sourav1997:souravmaity46v1997@gmail.com
Sreedevi Chandalada:orchid:sridevichandalada@yahoo.com
Sreeja vipin :iloveorchid:sreesmg@gmail.com
Sruthy prashanth :prashanth88:sruthy88@gmail.com
Srutidhara Das:plantlove@02:sruti999@gmail.com
ssds:d1l7qdpy:JudithDarrenfErTqJ@yahoo.com
stevieedwards:stevieedwards:stevieedwards2007@gmail.com
Subarna das:sunshine1988:subarna830@gmail.com
Subha:subha123:subhabuvan98@gmail.com
Sudhina K R:Su123456:sudhinarakesh087@gmail.com
Sudip Majumder:tinni2202:sudip1607@gmail.com
Sudipta Dave:vyomaan07:sudiptadave25@gmail.com
SuLDxmEanYQO:2rOlGHAWT:madiagarte@yahoo.de
Suman Rudra:password:sdatta234@gmail.com
SUMANT ORAON:sumantoraon:sumantoraon@gmail.com
sundari:rynco7890:sundari2jo@yahoo.co.in
sundari:rynco7890:sundarijogi@gmail.com
sunita:timtan9803:sunita3372@YAHOO.COM
sunita:TIMTAN9803:sunitagladston@gmail.com
Supriya Kadayyanmath:vytiri00:ria.mould@gmail.com
Suraj Prakash:harekrishna:surajpco@hotmail.com
Suranjana Satwalekar:shona58:satwalekar@gmail.com
Susan:classi royalegqrden:27.susan@gmail.com
Susha:susha1108:sushadenny@gmail.com
Suthahar :blessing1966:blessingcenter12@gmail.com
Suvajit Banerjee:rynco321:suvajitbanerjee@gmail.com
Tapan Kumar Nath:sonarpur:nath_tapan@yahoo.com
Tasim:chuerik18dec:tasimrangsha@gmail.com
Tessy Joshy Anderson:pavin123:paamees@gmail.com
Thanooja:thanooja123:thanoojathomas1@gmail.com
Tilak:kamanahouse:carpentary99@gmail.com
Tinu cherian:Tinu2709:tinun001@gmail.com
TOTON PRAMANICK:Tfp666:toton1980pramanick@gmail.com
Trupti Vinod Gaonkar:garden123:trupti545@gmail.com
uday:Uday@5172:mrblackstar@protonmail.com
UDAY CHAND PATRA:Ud1964ay:u.c.patra64@gmail.com
Usha robert:usha@1234:usharobert.robert@gmail.com
Vaibhav:cistum@46:vaibhavmaheshwari.imnu@gmail.com
Vamsi:2255:vamsir.2255@gmail.com
Vani:vani1234:vaniakella@gmail.com
Vanlalchhuangi:evolve123:Vanlalchhuangi@yahoo.com
Veena:Sadhana93:veenaanil@ymail.com
Vidya:pranavam@1:vidya.pankajan@gmail.com
VIDYASHREE POLICEPATIL:vidyaadarsh21:vspatil860@gmail.com
Vijith:vijith:vijithrn1@yahoo.co.in
Vineetha:vaishnavam:www.vineetharajeev373@gmail.com
Viny Mary Stephen:chinco80:Vinystephen@gmail.com
Vishnu :aloenwar:vishnu16289@gmail.com
Vivek c Raghunathan:Admin123:theghostishere2018@gmail.com
VNZYGyrOzho:azmnvHXeMqfA!:alisonjones8531@gmail.com
Vrinda Nair:trivandrum@278:vvnair07@gmail.com
YPrHuTyvB:pSiXaDELveKF!:dallis_leadle@yahoo.com