email:user_password:username
snowbordmg@aol.com:4280164:snowbordmg@aol.com
tinkerbell353@hotmail.com:password:tinkerbell353@hotmail.com
PIssaro_uno@yahoo.com:darklordghoul:PIssaro_uno@yahoo.com
hwcohen@earthlink.net:Burnout:hwcohen@earthlink.net
domiprue@sympatico.ca:slap4900:domiprue@sympatico.ca
bass_addict_104@hotmail.com:clashuk:bass_addict_104@hotmail.com
rchrdiii@aol.com:horse:rchrdiii@aol.com
mattj@dslextreme.com:12345:mattj@dslextreme.com
wilmark2735@aol.com:mark718:wilmark2735@aol.com
neelyteresa@aol.com:mason2000:neelyteresa@aol.com
venturing2k@aol.com:treateos:venturing2k@aol.com
rafanning@gmail.com:ashley:rafanning@gmail.com
srinipeace2030@yahoo.co.in:vinayaga:srinipeace2030@yahoo.co.in
abevil@parks.ca.gov:alexio:abevil@parks.ca.gov
kw25ir@yahoo.com:ghoroob:kw25ir@yahoo.com
dejza13@hotmail.com:peggy:dejza13@hotmail.com
jackofrights@aol.com:7149ctj:jackofrights@aol.com
arta2@netvision.net/il:tcreth:arta2@netvision.net/il
lilith@datasync.com:remote1:lilith@datasync.com
ukchristianmedia@yahoo.co.uk:conroy:ukchristianmedia@yahoo.co.uk
paulharriman@peoplepc.com:1746:paulharriman@peoplepc.com
juliewolfson@comcast.net:c4179962:juliewolfson@comcast.net
rg_newhook@yahoo.com:charlie:rg_newhook@yahoo.com
lindagoin@gmail.com:oldm3441:lindagoin@gmail.com
jligda@lrb-creations.com:nityanan:jligda@steadyserve.net
blancheh@gladsonltd.com:password:blancheh@gladsonltd.com
jacobsenmatthew@yahoo.com:password:jacobsenmatthew@yahoo.com
Esteele106@hotmail.com:peanutss:Esteele106@hotmail.com
dagaz1227@hotmail.com:forever:dagaz1227@hotmail.com
jnewton100@earthlink.net:password:jnewton100@earthlink.net
rdake@insightbb.com:password:rdake@insightbb.com
flottm@abmc.gov:abmc:flottm@abmc.gov
cliforak@webtv.net:bca123:cliforak@webtv.net
blondd@sbcgloball.net:password:blondd@sbcgloball.net
lwuest793@sbcglobal.net:password:lwuest793@sbcglobal.net
lwuest793@sbcglobal.net:motor793:lwuest793@sbcglobal.net
rikeroleg@yahoo.com:loroco:rikeroleg@yahoo.com
jgemsgems1@verizon.net:minicars:jgemsgems1@verizon.net
jmeda@nycap.com:mooreeee:jmeda@nycap.com
rhonda247@aol.com:damcott:rhonda247@aol.com
aherr@oxford.k12.pa.us:prilly:aherr@oxford.k12.pa.us
mshaffer@tcps.k12.md.us:snqnhcjf:mshaffer@tcps.k12.md.us
BrottS@cisdmail.com:baglady:BrottS@cisdmail.com
sara.wylie@state.sd.us:hetager:sara.wylie@state.sd.us
teresa_coberly@dpsk12.org:laviniabears:teresa_coberly@dpsk12.org
jimmypsheridan@hotmail.com:shecows:jimmypsheridan@hotmail.com
renata@thecolleys.eclipse.co.uk:gareth:renata@thecolleys.eclipse.co.uk
ejvinski@optonline.net:pookie:ejvinski@optonline.net
crees@eriesd.org:password:crees@eriesd.org
joggingal@sbcglobal.net:Ashley:joggingal@sbcglobal.net
couttles@yahoo.com:password:couttles@yahoo.com
cj@teecomp.co.uk:password:cj@teecomp.co.uk
john@jburridge21.fsnet.co.uk:password:john@jburridge21.fsnet.co.uk
sbury@wwonline.com:password:sbury@wwonline.com
rkuijp@mail.hzeeland.nl:password:rkuijp@mail.hzeeland.nl
Jeanne_14@hotmail.com:password:Jeanne_14@hotmail.com
daves@jcn1.com:password:daves@jcn1.com
babyiris33@hotmail.com:password:babyiris33@hotmail.com
delhowes@yahoo.com:password:delhowes@yahoo.com
habbink@home.com:password:habbink@home.com
davmcle@yahoo.co.uk:password:davmcle@yahoo.co.uk
JASTANGA@POL.NET:password:JASTANGA@POL.NET
fordmj@barclays.uk:password:fordmj@barclays.uk
thom_mgn@hotmail.com:password:thom_mgn@hotmail.com
golf99@skybest.com:password:golf99@skybest.com
jberrio@latinmail.com:password:jberrio@latinmail.com
webmaster@stormbirds.com:password:webmaster@stormbirds.com
alukenbill@hotmail.com:password:alukenbill@hotmail.com
kornbutt @hotmail.com:password:kornbutt @hotmail.com
davidcharbonneau@hotmail.com:password:davidcharbonneau@hotmail.com
nubirus@mail.ru:password:nubirus@mail.ru
tobias1_@hotmail.com:password:tobias1_@hotmail.com
tsak@enet.gr:password:tsak@enet.gr
wuerthit@yahoo.com:password:wuerthit@yahoo.com
calcegh@spm.it:password:calcegh@spm.it
opfarm@freeserve.co.uk:password:opfarm@freeserve.co.uk
frenchharmony@cnnw.net:password:frenchharmony@cnnw.net
hdmc@tir.com:password:hdmc@tir.com
steidl@cruzio.com:password:steidl@cruzio.com
stephaniebinns@hotmail.com:password:stephaniebinns@hotmail.com
mandykerhoulas@hotmail.com:password:mandykerhoulas@hotmail.com
M.weddick@hotmail.com:password:M.weddick@hotmail.com
ccjplc@aol.com:password:ccjplc@aol.com
jamiespracklen@hotmail.com:password:jamiespracklen@hotmail.com
letzring@ppg.com:password:letzring@ppg.com
couryjoh@seattleu.edu:password:couryjoh@seattleu.edu
ajking@redrivernet.com:password:ajking@redrivernet.com
MTK66@WEBTV.NET:password:MTK66@WEBTV.NET
charlesgosse@mindspring.com:password:charlesgosse@mindspring.com
harrissunset56@aol.com:password:harrissunset56@aol.com
doug_mcintosh@hotmail.com :password:doug_mcintosh@hotmail.com
lbasile@torrnet.com:password:lbasile@torrnet.com
koningshenk@hotmail.com:password:koningshenk@hotmail.com
toddverdun@comcast.net:password:toddverdun@comcast.net
bridgetcmm@aol.com:password:bridgetcmm@aol.com
ponzini@snet.net:password:ponzini@snet.net
joyce@icubed.com:password:joyce@icubed.com
evansk8brd@aol.com:password:evansk8brd@aol.com
nutsandgrannys@yahoo.co.uk :password:nutsandgrannys@yahoo.co.uk
clovato@ccr.ufsm.br:password:clovato@ccr.ufsm.br
wiserose7@yahoo.com:password:wiserose7@yahoo.com
sexybitch50003@hotmail.com:password:sexybitch50003@hotmail.com
mel@primarygraphics.net:password:mel@primarygraphics.net
svdkerkhof@hotmail.com:password:svdkerkhof@hotmail.com
battlefields1418@hotmail.com:password:battlefields1418@hotmail.com
tok452@yahoo.com:password:tok452@yahoo.com
\tdavid_rowlands@optusnet.com.au:password:\tdavid_rowlands@optusnet.com.au
\trosehu@aol.com:password:\trosehu@aol.com
alexandra@weirdomatic.com:loveofmylife:alexandra@weirdomatic.com
visualmediateach@aol.com:polarbrr:visualmediateach@aol.com
jfrederick@nbcsd.org:nbclibrary:jfrederick@nbcsd.org
sreinama@nycsd.k12.pa.us:102360:sreinama@nycsd.k12.pa.us
wlahr@umtsd.org:molly22:wlahr@umtsd.org
tammy_austria@hotmail.com:password:tammy_austria@hotmail.com
editor@historyspoof.com:password:editor@historyspoof.com
michelle3875@gmail.com:fish3875:michelle3875@gmail.com
nvanbeek@washingtonpavilion.org:notbob:nvanbeek@washingtonpavilion.org
mark41157@comcast.net:1opensit:mark41157@comcast.net
btitus@phila.k12.pa.us:blt624:btitus@phila.k12.pa.us
editors@complete-review.com:password:editors@complete-review.com
healygirls@sbcglobal.net:rocky:healygirls@sbcglobal.net
soccersnipe08@yahoo.com:trevor:soccersnipe08@yahoo.com
emily___jackson@hotmail.com:emily:emily___jackson@hotmail.com
\tcchensvold@prodigy.net:password:\tcchensvold@prodigy.net
doyle.towers@virgin.net:tommyswar:doyle.towers@virgin.net
kma152@student.canterbury.ac.nz:password:kma152@student.canterbury.ac.nz
stwandrw@aol.com:password:stwandrw@aol.com
StringMstr@aol.com:password:StringMstr@aol.com
Stephen.Drew.31351698@navy.gov.au:password:Stephen.Drew.31351698@navy.gov.au
russell_courtney@hotmail.com:password:russell_courtney@hotmail.com
poiquiop@gamespotmail.com:password:poiquiop@gamespotmail.com
chloe.thorpe@virgin.net:password:chloe.thorpe@virgin.net
dovshan@hotmail.com:password:dovshan@hotmail.com
mauchenberg@hotmail.com:password:mauchenberg@hotmail.com
brick@cyberhighway.net:password:brick@cyberhighway.net
JDW2068@AOL.COM:password:JDW2068@AOL.COM
spadfly@msn.com:password:spadfly@msn.com
john@anzacs.net:password:john@anzacs.net
Bunga@telenet.net:password:Bunga@telenet.net
johncirino@aol.com:password:johncirino@aol.com
FURLAN@worldnet.att.net:password:FURLAN@worldnet.att.net
Luca.F@flashnet.it:password:Luca.F@flashnet.it
clive.davenport1@virgin.net:password:clive.davenport1@virgin.net
oscar.elison@swipnet.se:password:oscar.elison@swipnet.se
n6281d@msn.com:password:n6281d@msn.com
jtachauer@yahoo.com:password:jtachauer@yahoo.com
sarge116@gte.net:password:sarge116@gte.net
Thierry.Kostrba@fr.bosch.com:password:Thierry.Kostrba@fr.bosch.com
wbdmn_phillo@yahoo.com:password:wbdmn_phillo@yahoo.com
nclenet@free.fr:password:nclenet@free.fr
tur99008@ricks.edu:password:tur99008@ricks.edu
ntomus@poczta.wp.pl:password:ntomus@poczta.wp.pl
Fredponce34@Yahoo.co.uk:password:Fredponce34@Yahoo.co.uk
fotograaf.hekhuizen@hetnet.nl:password:fotograaf.hekhuizen@hetnet.nl
ccasdorph@aol.com:password:ccasdorph@aol.com
kornbutt@hotmail.com:password:kornbutt@hotmail.com
alfilide@tin.it:password:alfilide@tin.it
weindeb@earthlink.net:password:weindeb@earthlink.net
wooley@catsville52.freeserve.co.uk:password:wooley@catsville52.freeserve.co.uk
rums@iinet.net.au:password:rums@iinet.net.au
drhouse@netactive.co.za:password:drhouse@netactive.co.za
tumtum12@webtv.net:password:tumtum12@webtv.net
editor@wwiaviation.com:password:editor@wwiaviation.com
\ttwitch90280@yahoo.com:password:\ttwitch90280@yahoo.com
\tgcm@whidbey.com:password:\tgcm@whidbey.com
info@GreatWarFlyingMuseum.com:password:info@GreatWarFlyingMuseum.com
webmaster@theaerodrome.com:password:webmaster@theaerodrome.com
jernieh@gwdt.freeserve.co.uk:password:jernieh@gwdt.freeserve.co.uk
membership.secretary@crossandcockade.com:password:membership.secretary@crossandcockade.com
sales.manager@crossandcockade.com:password:sales.manager@crossandcockade.com
ceg1949@aol.com:password:ceg1949@aol.com
cocaljoe@indy.net:password:cocaljoe@indy.net
gordonlt@home.com:password:gordonlt@home.com
roland.bjurstroem@telia.com:password:roland.bjurstroem@telia.com
shmick@coscom.net:password:shmick@coscom.net
missis@juno.com:password:missis@juno.com
guy.petersen@wcom.com:password:guy.petersen@wcom.com
j_117@hotmail.com:password:j_117@hotmail.com
vheimpel@hydra.com.br:password:vheimpel@hydra.com.br
Polenta124@aol.com:password:Polenta124@aol.com
rominac@iweb.com.au:password:rominac@iweb.com.au
threepatricks@juno.com:password:threepatricks@juno.com
compudoc@neteze.com:password:compudoc@neteze.com
romanov84@hotmail.com:password:romanov84@hotmail.com
maxz68@hotmaill.com:password:maxz68@hotmaill.com
wr@cyberion.com:password:wr@cyberion.com
cunnus@hotmail.com:password:cunnus@hotmail.com
PLAID2DBON@AOL.COM:password:PLAID2DBON@AOL.COM
FBarlow@Aol.com:password:FBarlow@Aol.com
rob1bbc@earthlink.net:password:rob1bbc@earthlink.net
horst_rienecker@gmx.de:password:horst_rienecker@gmx.de
Cloverboo@hotmail.com:password:Cloverboo@hotmail.com
Wolfe157@hotmail.com:password:Wolfe157@hotmail.com
wyowilly@hotmail.com:password:wyowilly@hotmail.com
rmbwn51@earthlink.net:password:rmbwn51@earthlink.net
rluke@pldi.net:password:rluke@pldi.net
Virginian@endor.com:password:Virginian@endor.com
millerw@clark.net:password:millerw@clark.net
wcooke5337@aol.com:password:wcooke5337@aol.com
merlock@connect.ab.ca:password:merlock@connect.ab.ca
dreams_1@talkcity.com:password:dreams_1@talkcity.com
ahermer@nwlink.com:password:ahermer@nwlink.com
one_eyed_cat@yahoo.com:password:one_eyed_cat@yahoo.com
amadeus@sun.big.net.au:password:amadeus@sun.big.net.au
bobanddarla@bwoodtx.com:password:bobanddarla@bwoodtx.com
buddy@gibralter.net:password:buddy@gibralter.net
lonny@molalla.net:password:lonny@molalla.net
luvpep_38@webtv.net:password:luvpep_38@webtv.net
krohne@mindspring.com:password:krohne@mindspring.com
d.vondermock@att.net:password:d.vondermock@att.net
maffo@diedron.it:password:maffo@diedron.it
mcneaney@aol.com:password:mcneaney@aol.com
vwhitak@acad.stedwards.edu:password:vwhitak@acad.stedwards.edu
enewall@oregontrail.net:password:enewall@oregontrail.net
hfn2@lehigh.edu:password:hfn2@lehigh.edu
ppineau@hotmail.com:password:ppineau@hotmail.com
stephwdoug@aol.com:password:stephwdoug@aol.com
K1auq@hotmail.com:password:K1auq@hotmail.com
kmercer1@rochester.rr.com:password:kmercer1@rochester.rr.com
ouellett@auracom.com:password:ouellett@auracom.com
wphaiber@earthlink.net:password:wphaiber@earthlink.net
norwhite@videon.wave.ca:password:norwhite@videon.wave.ca
pbaers@pathway.net:password:pbaers@pathway.net
felker@access.etsu.edu:password:felker@access.etsu.edu
ianblink@netcomuk.co.uk:password:ianblink@netcomuk.co.uk
jde8246898@aol.com:password:jde8246898@aol.com
n611ev@aol.com:password:n611ev@aol.com
davidrobert@evanslec.freeserve.co.uk:password:davidrobert@evanslec.freeserve.co.uk
duncan@maclean.swinternet.co.uk:password:duncan@maclean.swinternet.co.uk
1trimmer@home.com:password:1trimmer@home.com
colwyin@tin.it:password:colwyin@tin.it
Kelley@impulse.net:password:Kelley@impulse.net
kaiserjaeger@tiko.net:password:kaiserjaeger@tiko.net
fggame@ibm.net:password:fggame@ibm.net
Linux_5_2@yahoo.com:password:Linux_5_2@yahoo.com
10331.1227@compuserve.com:password:10331.1227@compuserve.com
AlarMan@prodigy.net:password:AlarMan@prodigy.net
wedge409@hoymail.com:password:wedge409@hoymail.com
Nick_Medcalf@pock12.freeserve.co.uk:password:Nick_Medcalf@pock12.freeserve.co.uk
galrosie@ozemail.com.au:password:galrosie@ozemail.com.au
papa.victor@tiscalinet.it:password:papa.victor@tiscalinet.it
staff.edp@istsperfs.inet.it:password:staff.edp@istsperfs.inet.it
bwalker@netrover.com:password:bwalker@netrover.com
b747_Orsi@iol.it:password:b747_Orsi@iol.it
http://us.f320.mail.yahoo.com/ym/Compose?To=wphaiber@earthlink.net&YY=51282&y5beta=yes&y5beta=yes&order=down&sort=date&pos=0&view=a&head=b:password:http://us.f320.mail.yahoo.com/ym/Compose?To=wphaiber@earthlink.net&YY=51282&y5beta=yes&y5beta=yes&order=down&sort=date&pos=0&view=a&head=b
tpereira@mail.telepac.pt:password:tpereira@mail.telepac.pt
stapleford@stapleford.eurobell.co.uk:password:stapleford@stapleford.eurobell.co.uk
2Lena@communityconnect.com:password:2Lena@communityconnect.com
altair@varese.com:password:altair@varese.com
Rmuia@aol.com:password:Rmuia@aol.com
annconner@aol.com:password:annconner@aol.com
brenton@island.net:password:brenton@island.net
rogentil@tin.it:password:rogentil@tin.it
smarshmdr@aol.com:password:smarshmdr@aol.com
ss@mgt.ca:password:ss@mgt.ca
lcorneli@uwf.edu:password:lcorneli@uwf.edu
shewchc@ocps.k12.fl.us:password:shewchc@ocps.k12.fl.us
sally10@saunalahti.fi:password:sally10@saunalahti.fi
inlalaland@hotmail.com:password:inlalaland@hotmail.com
ldu3817544@aol.com:password:ldu3817544@aol.com
lajorel@aol.com:password:lajorel@aol.com
John@66sqn.Freeserve.co.uk:password:John@66sqn.Freeserve.co.uk
kresteye@aol.com:password:kresteye@aol.com
ww2951@dragonbbs.com:password:ww2951@dragonbbs.com
gjbranch@hotmail.com:password:gjbranch@hotmail.com
rporritt@sd23.bc.ca:password:rporritt@sd23.bc.ca
wiebke.bruns@arch.fh-oldenburg.de:password:wiebke.bruns@arch.fh-oldenburg.de
deplaats@hetnet.nl:password:deplaats@hetnet.nl
geor@n2mail.com:password:geor@n2mail.com
john.swikart@ci.sj.ca.us:password:john.swikart@ci.sj.ca.us
rhardie@ciudad.com.ar:password:rhardie@ciudad.com.ar
chamboro@email.msn.com:password:chamboro@email.msn.com
tom_theorphan@hotmail.com:password:tom_theorphan@hotmail.com
Hornett24@hotmail.com:password:Hornett24@hotmail.com
destinychild@aol.com:neyosgirl19:destinychild@aol.com
llane@telusplanet.net:lee1955:llane@telusplanet.net
heritagehobbies@worldnet.att.net:password:heritagehobbies@worldnet.att.net
lvbulow@iname.com:password:lvbulow@iname.com
rcouttie@club-internet.fr:password:rcouttie@club-internet.fr
rwgrapp@ameritech.net:password:rwgrapp@ameritech.net
KwBoyce@cwix.com:password:KwBoyce@cwix.com
hot_car_man@yahoo.com:password:hot_car_man@yahoo.com
oleh@usis.kiev.ua:password:oleh@usis.kiev.ua
k.goble@student.qut.edu.au:password:k.goble@student.qut.edu.au
gsda@chamber.gnfn.org:password:gsda@chamber.gnfn.org
stevenslava@hotmail.com:password:stevenslava@hotmail.com
gustavus@integritynet.com.au:password:gustavus@integritynet.com.au
zak@zvinis.freeserve.co.uk:password:zak@zvinis.freeserve.co.uk
trudeau@gis.net:password:trudeau@gis.net
RColvin@impaccompanies.com:password:RColvin@impaccompanies.com
foxmouse@shinbiro.com:password:foxmouse@shinbiro.com
czant@iol10.com:password:czant@iol10.com
anisoara@ihug.co.nz:password:anisoara@ihug.co.nz
acsweet91@hotmail.com:password:acsweet91@hotmail.com
mmecozzi@spanit.com:password:mmecozzi@spanit.com
pareidy@bright.net:password:pareidy@bright.net
bernieb@comnet.ca:password:bernieb@comnet.ca
aero@p-pub.com:password:aero@p-pub.com
brucec@ecn.net.au:password:brucec@ecn.net.au
xaipe74@aol.com:password:xaipe74@aol.com
egrieb@wworld.com:password:egrieb@wworld.com
bezenka@aol.com:password:bezenka@aol.com
jmcdonal@aol.com:password:jmcdonal@aol.com
jwinks@netins.net:password:jwinks@netins.net
onfinal@aol.com:password:onfinal@aol.com
inkmore@aol.com:password:inkmore@aol.com
wny@windy.blwtl.uwo.ca:password:wny@windy.blwtl.uwo.ca
gonzojolly@hotmail.com:password:gonzojolly@hotmail.com
scalebod@mail2me.com.au:password:scalebod@mail2me.com.au
mtoni1@supereva.it:password:mtoni1@supereva.it
Quinteneyckmans@hotmail.com:password:Quinteneyckmans@hotmail.com
Andrew@exevalleyfishery.co.uk:password:Andrew@exevalleyfishery.co.uk
tonystewart20_fan@hotmail.com:password:tonystewart20_fan@hotmail.com
Bairds@poteen.demon.co.uk:password:Bairds@poteen.demon.co.uk
paulfreehill@eircom.net:password:paulfreehill@eircom.net
Kailan225@hotmail.com:password:Kailan225@hotmail.com
guy.seyns@wielsbeke.be:password:guy.seyns@wielsbeke.be
armouryroad@aol.com:password:armouryroad@aol.com
JimMarySh@aol.com:password:JimMarySh@aol.com
mosarte@msn.com:password:mosarte@msn.com
alain_franzetti@cci.canon.fr:password:alain_franzetti@cci.canon.fr
papabigfoot@yahoo.com:password:papabigfoot@yahoo.com
Golfergirl48742@Yahoo.com:password:Golfergirl48742@Yahoo.com
bjbushsj@aol.com:password:bjbushsj@aol.com
hottiehot_girl36@yahoo.com:password:hottiehot_girl36@yahoo.com
gordonweare@hotmail.com:password:gordonweare@hotmail.com
daveesnyder@yahoo.com:password:daveesnyder@yahoo.com
storui@one.t:password:storui@one.t
raton72@terra.com.mx:password:raton72@terra.com.mx
johnray5@hotmail.com:password:johnray5@hotmail.com
AEVANS50@YAHOO.COM:password:AEVANS50@YAHOO.COM
ehantel@ev1.net:password:ehantel@ev1.net
billrob@yahoo.com:password:billrob@yahoo.com
mailwcm@mail.it:password:mailwcm@mail.it
ozzlaw336@yahoo.co.uk:password:ozzlaw336@yahoo.co.uk
cuonbroadway1209@yahoo.com:password:cuonbroadway1209@yahoo.com
Lieutbob@att.net:password:Lieutbob@att.net
aundorf@yahoo.dk:password:aundorf@yahoo.dk
Fly300S@aol.com:password:Fly300S@aol.com
dencen@isys.ca:password:dencen@isys.ca
gkullb01@student.vill.edu:password:gkullb01@student.vill.edu
alisham@psd.k12.co.us:password:alisham@psd.k12.co.us
nataly@ozemail.com.au:password:nataly@ozemail.com.au
dgducharme@cheshire.net:password:dgducharme@cheshire.net
bobafettin96@hotmail.com:password:bobafettin96@hotmail.com
jh32_1998@yahoo.com:password:jh32_1998@yahoo.com
BMurphy@aol.com:password:BMurphy@aol.com
alex@annarborbuilders.com:password:alex@annarborbuilders.com
jjbg@cooke.net:password:jjbg@cooke.net
isolde7@hotmail.com:password:isolde7@hotmail.com
kgolden@calweb.com:password:kgolden@calweb.com
ntdf_crook@hotmail.com:password:ntdf_crook@hotmail.com
gerrykisabeth@prodigy.net:password:gerrykisabeth@prodigy.net
joe@joewhite.com:password:joe@joewhite.com
bernertb@gvtc.com:password:bernertb@gvtc.com
scandrett@uq.net.au:password:scandrett@uq.net.au
dirm@alloymail.com:password:dirm@alloymail.com
austinpowers63@hotmail.com:password:austinpowers63@hotmail.com
willison@intranet.ca:password:willison@intranet.ca
svante76@hotmail.com:password:svante76@hotmail.com
LPersky@aol.com:password:LPersky@aol.com
osheaj@army.mil:password:osheaj@army.mil
jasoncorig@juno.com:password:jasoncorig@juno.com
cjp159@psu.edu:password:cjp159@psu.edu
klinzmann@hotmail.com:password:klinzmann@hotmail.com
Donalduck@msn.com:password:Donalduck@msn.com
palpatine6@hotmail.com:password:palpatine6@hotmail.com
phlewis@rconnect.com:password:phlewis@rconnect.com
www.ilovemase@yahoo.com:password:www.ilovemase@yahoo.com
goyette@oxford.net:password:goyette@oxford.net
dickbolt@his.com:password:dickbolt@his.com
mike.westrop@btinternet.com:password:mike.westrop@btinternet.com
Hal_Giblin@compuserve.com:password:Hal_Giblin@compuserve.com
mbbarrass@42tansley.freeserve.co.uk:password:mbbarrass@42tansley.freeserve.co.uk
gregory.alegi@fastwebnet.it:password:gregory.alegi@fastwebnet.it
cci@mustang.sr.unh.edu:password:cci@mustang.sr.unh.edu
steve@oldglebe.freeserve.co.uk:password:steve@oldglebe.freeserve.co.uk
a.n.smith@ntlworld.com:password:a.n.smith@ntlworld.com
GaGin1@aol.com:password:GaGin1@aol.com
TonyGB@graben.force9.co.uk:password:TonyGB@graben.force9.co.uk
jenianburns@sympatico.ca:password:jenianburns@sympatico.ca
michaeljwhittier@sympatico.ca:password:michaeljwhittier@sympatico.ca
andy.kemp@mail.com:password:andy.kemp@mail.com
john.grech@ntlworld.com:password:john.grech@ntlworld.com
jagil@oz.net:password:jagil@oz.net
jbar.christy@virgin.net:password:jbar.christy@virgin.net
colin.huston@tesco.net:password:colin.huston@tesco.net
errol.martyn@xtra.co.nz:password:errol.martyn@xtra.co.nz
odufour@wanadoo.fr:password:odufour@wanadoo.fr
kingsnorthian@hotmail.com:password:kingsnorthian@hotmail.com
c.healey@hhsuk.com:password:c.healey@hhsuk.com
rikasse@c0llins.fsnet.co.uk:password:rikasse@c0llins.fsnet.co.uk
peter.lambert@us.army.mil:password:peter.lambert@us.army.mil
biggles_rfc@hotmail.com:password:biggles_rfc@hotmail.com
fauxferrari@att.net:password:fauxferrari@att.net
bbwski@localnet.com:password:bbwski@localnet.com
eeclarke@nmm.ac.uk:password:eeclarke@nmm.ac.uk
spork_2002@yahoo.com:password:spork_2002@yahoo.com
terrencehm@aol.com:password:terrencehm@aol.com
amanda786@hotmail.com:password:amanda786@hotmail.com
slpoley1@hotmail.com:password:slpoley1@hotmail.com
flyboy@2peganet.com:password:flyboy@2peganet.com
Matt_Simpson99@msn.com:password:Matt_Simpson99@msn.com
francocuba@yahoo.com:password:francocuba@yahoo.com
kstooks@sbcglobal.net:password:kstooks@sbcglobal.net
piers@hcm.vnn.vn:password:piers@hcm.vnn.vn
beachbum@yyshoo.com:password:beachbum@yyshoo.com
aircorpstrooper@aol.com:password:aircorpstrooper@aol.com
annline@email.it:password:annline@email.it
icwrjohn@aol.com:password:icwrjohn@aol.com
rolandinoy@yahoo.com:password:rolandinoy@yahoo.com
judynbob@yahoo.com:password:judynbob@yahoo.com
cheerleading_chick2003@hotmail.com:password:cheerleading_chick2003@hotmail.com
finadv@montereybay.com:password:finadv@montereybay.com
minnesota_thunder@yahoo.com:password:minnesota_thunder@yahoo.com
hunt9115@yahoo.com:password:hunt9115@yahoo.com
baronusabaron@yahoo.com:password:baronusabaron@yahoo.com
Hellflint@Military.com:password:Hellflint@Military.com
cookiejar70@hotmail.com:password:cookiejar70@hotmail.com
david.baker@intec.co.za:password:david.baker@intec.co.za
GJ2WEST@CHARTER.NET:password:GJ2WEST@CHARTER.NET
fbaracchini@psi.uba.ar:password:fbaracchini@psi.uba.ar
patti.h@talk21.com:password:patti.h@talk21.com
coxja2005@yahoo.com:password:coxja2005@yahoo.com
krustygrp@aol.com:password:krustygrp@aol.com
curtiss@msn.co.uk:password:curtiss@msn.co.uk
nathanielrogers@earthlink.net:password:nathanielrogers@earthlink.net
sallyr@ptdprolog.net:password:sallyr@ptdprolog.net
rtreiter@yahoo.com:password:rtreiter@yahoo.com
emlyntheterrible@gmail.com:password:emlyntheterrible@gmail.com
escheffe@telus.net:password:escheffe@telus.net
kieranehanna@htomail.com:password:kieranehanna@htomail.com
rosesmith@via2.demon.co.uk:password:rosesmith@via2.demon.co.uk
sgillespiesc@charter.net:password:sgillespiesc@charter.net
angelwing@numail.org:password:angelwing@numail.org
dlc_@emmitt22.com:password:dlc_@emmitt22.com
shpdwg@comcast.net:password:shpdwg@comcast.net
cutiepie00682@msn.com:password:cutiepie00682@msn.com
oneleggedwoodpecker-44@hotmail.com:password:oneleggedwoodpecker-44@hotmail.com
COLTS16HOME@AOL.COM:password:COLTS16HOME@AOL.COM
doireallyneedan@email.de:password:doireallyneedan@email.de
johneasom@hotmail.com:password:johneasom@hotmail.com
lil_bert_11@hotmail.com:password:lil_bert_11@hotmail.com
colonial_1776@earthlink.net:password:colonial_1776@earthlink.net
thevincester@lineone.net:password:thevincester@lineone.net
sawhite@nl.rogers.com:password:sawhite@nl.rogers.com
robbie_begin@yahoo.com:password:robbie_begin@yahoo.com
sdr12198@pacbell.net:password:sdr12198@pacbell.net
jan.jennings@tesco.net:password:jan.jennings@tesco.net
bovi@volare.org:password:bovi@volare.org
aerart@aol.com:password:aerart@aol.com
howardb@cfl.rr.com:password:howardb@cfl.rr.com
billybabbage@aol.com:password:billybabbage@aol.com
maxwatson@shaw.ca:password:maxwatson@shaw.ca
pamjashton@hotmail.com:password:pamjashton@hotmail.com
chris.van.kerckhoven@telenet.be:password:chris.van.kerckhoven@telenet.be
jpg@ihug.com.au:password:jpg@ihug.com.au
ms73@mweb.co.za:password:ms73@mweb.co.za
buzsawyer@aol.cm:password:buzsawyer@aol.cm
Andrew_the_KGB@yahoo.com:password:Andrew_the_KGB@yahoo.com
brianj@kw.igs.net:password:brianj@kw.igs.net
totosmoma@webtv.net:password:totosmoma@webtv.net
mildo19@hotmail.com:password:mildo19@hotmail.com
M16A2556MM@AOL.com:password:M16A2556MM@AOL.com
ejergard@hotmail.com:password:ejergard@hotmail.com
willemkoning@hotmail.com:password:willemkoning@hotmail.com
dews@labyrinth.net.au:password:dews@labyrinth.net.au
lordhump@scottsburg.com:password:lordhump@scottsburg.com
spunkyjivl@aol.com:password:spunkyjivl@aol.com
mthall56@aol.com:password:mthall56@aol.com
RCFokker@aol.com:password:RCFokker@aol.com
me@flamberge.iwarp.com:password:me@flamberge.iwarp.com
drewelle@ix.netcom.com:password:drewelle@ix.netcom.com
bboger@tradenet.net:password:bboger@tradenet.net
hotshots1@home.com:password:hotshots1@home.com
1227@compuserve.com:password:1227@compuserve.com
bdorf@tir.com:password:bdorf@tir.com
spook@connect.ab.ca:password:spook@connect.ab.ca
dallarm@iinet.net.au:password:dallarm@iinet.net.au
darkjedi_@yahoo.com:password:darkjedi_@yahoo.com
frodon@online.no:password:frodon@online.no
Bernard.Verhille@wanadoo.fr:password:Bernard.Verhille@wanadoo.fr
michele.simonetti@tiscalinet.it:password:michele.simonetti@tiscalinet.it
jermar@sprintmail.com:password:jermar@sprintmail.com
antoniozzi@freesurf.ch:password:antoniozzi@freesurf.ch
www.wllmhoward@aol.com:password:www.wllmhoward@aol.com
maudog84@aol.com:password:maudog84@aol.com
ibjunge@netins.net:password:ibjunge@netins.net
106021.1730@compuserve.com:password:106021.1730@compuserve.com
ye5041@exmail.usma.army.mil:password:ye5041@exmail.usma.army.mil
editor@combatsim.com:password:editor@combatsim.com
danddm@gateway.net:password:danddm@gateway.net
spacey103@hotmail.com:password:spacey103@hotmail.com
meditek@clara.co.uk:password:meditek@clara.co.uk
latoyacarrier@hotmail.com :7505315:latoyacarrier@hotmail.com
cirincione@earthlink.net:password:cirincione@earthlink.net
domino94@ptd.net:sepjulkids2:domino94@ptd.net
MDezbor@aol.com:elijah:MDezbor@aol.com
gertíjung@aol.com:password:gertíjung@aol.com
scotrace@mac.com:password:scotrace@mac.com
sabes14jeff@yahoo.com:13579:sabes14jeff@yahoo.com
utbabe24@yahoo.com:jenny24:utbabe24@yahoo.com
sr232940@muhlenberg.edu:stargirl:sr232940@muhlenberg.edu
cgourley@epix.net:gargoyle:cgourley@epix.net
hollykhogan@yahoo.com:monet23:hollykhogan@yahoo.com
toxicsnipe@gmail.com:cain123:toxicsnipe@gmail.com
phinetta.hunter@tyc.state.tx.us:Bigsister:phinetta.hunter@tyc.state.tx.us
laurelleev@aol.com:dirty677:laurelleev@aol.com
bierbarbie@yahoo.com:ronnie1:bierbarbie@yahoo.com
florabl@pacbell.net:apples1:florabl@pacbell.net
schnury@gmail.com:schnury:schnury@gmail.com
kspence_1@yahoo.com:jamaica:kspence_1@yahoo.com
bjbodley@yahoo.com:sandie:bjbodley@yahoo.com
cmhutchi@marysville.k12.oh.us:newcreation:cmhutchi@marysville.k12.oh.us
sburrell@manassas.k12.va.us:metzmustangs:sburrell@manassas.k12.va.us
tyy0615@aol.com:billie:tyy0615@aol.com
vidaljr1@hotmail.com:2terminator:vidaljr1@hotmail.com
p.fortin@eaglehill.org:sc00byd00:p.fortin@eaglehill.org
donandcath@netzero.net:donandcath:donandcath@netzero.net
hamidkaashif@gmail.com:cococabanko:hamidkaashif@gmail.com
hamid1993@gmail.com:cococabanko:hamid1993@gmail.com
haugenb@chinookschools.org:haroldgst:haugenb@chinookschools.org
maggiemay_90@yahoo.com:princess07:maggiemay_90@yahoo.com
zapata986@yahoo.com:40323:zapata986@yahoo.com
coker5563@yahoo.com:password:coker5563@yahoo.com
EZAVARELLA@ALICE.IT:BRANCUSI:EZAVARELLA@ALICE.IT
dkjohnston@runbox.com:140048:dkjohnston@runbox.com
ouahmed2005@yahoo.co.uk:07n29apr:ouahmed2005@yahoo.co.uk
callwoodangie@aol.com:tyler:callwoodangie@aol.com
tamiresronchini87@msn.com:chinni:tamiresronchini87@msn.com
LizzieU2@aol.com:1tsunami2:LizzieU2@aol.com
dpace@jasperisd.net:dianne:dpace@jasperisd.net
jyouris@ucls.uchicago.edu:75107510:jyouris@ucls.uchicago.edu
argolj@eckerd.edu:yeah4info:argolj@eckerd.edu
shawn@immigration-from-india.org:password:shawn@immigration-from-india.org
threebar3@hotmail.com:amanda:threebar3@hotmail.com
jantel_n_qentonb2005@yahoo.com:queen08:jantel_n_qentonb2005@yahoo.com
tagate@gmail.com:hjulsta:tagate@gmail.com
neabae42191@yahoo.com:wassaw:neabae42191@yahoo.com
drains@cfl.rr.com:koala1125:drains@cfl.rr.com
pammy937@insightbb.com:hampton01:pammy937@insightbb.com
musicgirl_71@hotmail.com:pottery:musicgirl_71@hotmail.com
ehanbury@andrew.cmu.edu>:password:ehanbury@andrew.cmu.edu>
crustasea@hotmail.com:william:crustasea@hotmail.com
rmcknig23@hotmail.com:rode1937:rmcknig23@hotmail.com
gtbartels@yahoo.com:gtbartels:gtbartels@yahoo.com
debranbkm@aol.com:kmart4141:debranbkm@aol.com
dfesperman@comcast.net:01Tarheel:dfesperman@comcast.net
lamariagloria@gmail.com:unicornio:lamariagloria@gmail.com
hoosierlover91990@yahoo.com:password:hoosierlover91990@yahoo.com
paulsunny83@yahoo.com:goodnight:paulsunny83@yahoo.com
fanninp@bellsouth.net:harrison:fanninp@bellsouth.net
ewilli912@aol.com:iluv2722:ewilli912@aol.com
PraetorMints@aol.com:Trigun21:PraetorMints@aol.com
mshear@southsuburbancollege.edu:eng102:mshear@southsuburbancollege.edu
ralucarcsn@yahoo.com:liveinparis:ralucarcsn@yahoo.com
thegrouchybeast@gmail.com:moglit:thegrouchybeast@gmail.com
kings-and-queen@t-online.de:schaller:kings-and-queen@t-online.de
bill@maurer.org:Dragoon-1778:bill@maurer.org
Dieckmannlars@web.de:saxomanie:Dieckmannlars@web.de
yaddypuddycat611@hotmail.co.uk:idontdomondays:yaddypuddycat611@hotmail.co.uk
pattyannprkr@cox.net:5353open:pattyannprkr@cox.net
schapp521@msn.com:tuna123:schapp521@msn.com
bewiched_645@hotmail.com:jerryleelewis:bewiched_645@hotmail.com
Wanda.M.Shealey@cmsdnet.net:cmsd:Wanda.M.Shealey@cmsdnet.net
krinkelt@aol.com:password:krinkelt@aol.com
HIMILCE_S@HOTMAIL.COM:gotmilk?:HIMILCE_S@HOTMAIL.COM
bugatti@metronets.com:password:bugatti@metronets.com
weesnaugh@comcast.net:malttyyy:weesnaugh@comcast.net
mtorok@kyrene.org:mine:mtorok@kyrene.org
bdmilhis@aol.com:overlord:bdmilhis@aol.com
mysophia@mac.com:robbie:mysophia@mac.com
\tlmwhite7@yahoo.com:password:\tlmwhite7@yahoo.com
tkissane@schlamstone.com:12288221:tkissane@schlamstone.com
Georgiy_H@yahoo.co.nz:olechka:Georgiy_H@yahoo.co.nz
buckeyelawman@yahoo.com:research1966*!:buckeyelawman@yahoo.com
speedkingusa@yahoo.com:beckyshelm:speedkingusa@yahoo.com
wvbuster@netscape.net:buster:wvbuster@netscape.net
tammy.johannessen@gmail.com:teddy:tammy.johannessen@gmail.com
agrady@cpinternet.com:warrior:agrady@cpinternet.com
tatogia@mindspring.comq:boricua:tatogia@mindspring.comq
sandstorm42@hotmail.com:Beth25:sandstorm42@hotmail.com
bafish@sbcglobal.net:jessica:bafish@sbcglobal.net
andriesdeman@gmail.com:comptometer:andriesdeman@gmail.com
arnabsen@gmail.com:high:arnabsen@gmail.com
Bobbe829@aol.com:bjc1419:Bobbe829@aol.com
orrinschwab@hotmail.com:slacker:orrinschwab@hotmail.com
abl0nd2nd@aol.com:2bhappy:abl0nd2nd@aol.com
rnelson@sabr.org:SABR1971:rnelson@sabr.org
strobe@prontomail.com:52119:strobe@prontomail.com
sakamoto@rogers.com:datesol:sakamoto@rogers.com
leeballanfant@yahoo.com:hanover1:leeballanfant@yahoo.com
swebb@sosu.edu:password:swebb@sosu.edu
basprint2000@yahoo.com:ill0531:basprint2000@yahoo.com
junk@akspear.com:hempfield:junk@akspear.com
dgrover@roseville.ca.us:stg925:dgrover@roseville.ca.us
nyyank7@autometal.com:51365136:nyyank7@autometal.com
bjmor37@yahoo.com:bjmor37@yahoo.com:bjmor37@yahoo.com
plkvp@yahoo.com:induce:plkvp@yahoo.com
nclipton@yahoo.com:hazmat:nclipton@yahoo.com
ytchwa@yahoo.com:chwa88:ytchwa@yahoo.com
bambu@earthlink.net:duncan:bambu@earthlink.net
fydclan@comcast.net:fydpass:fydclan@comcast.net
kfkronenberg@earthlink.net:kkrone02139:kfkronenberg@earthlink.net
r.abrams@neu.edu:rtfm123:r.abrams@neu.edu
arponurko@abgcard.ru:uciyqcny:arponurko@abgcard.ru
politician92@yahoo.com:samsmith:politician92@yahoo.com
shall1028@yahoo.ca:password:shall1028@yahoo.ca
Manuel_tamayo@dot.ca.gov:password:Manuel_tamayo@dot.ca.gov
neolat@gmail.com:password:neolat@gmail.com
fearlvoer939@yahoo.com:monkey:fearlvoer939@yahoo.com
karin.momcat@gmail.com:historygirl1:karin.momcat@gmail.com
johnfortin@cox.net:john34:johnfortin@cox.net
polishpen@mac.com:jwc1867:polishpen@mac.com
ward1@wisc.edu:dmw5785:ward1@wisc.edu
sjennin@gmail.com:adidas:sjennin@gmail.com
mvm@chicagogsb.edu:max 15660:mvm@chicagogsb.edu
iafacan@fultonteach.org:2997:iafacan@fultonteach.org
darkchilde@bookmice.net:bunnychan:darkchilde@bookmice.net
nickfraticel@yahoo.com:turbo20:nickfraticel@yahoo.com
mbwolfin@cvn.net:muggs#:mbwolfin@cvn.net
zanzoon4@hotmail.com:password:zanzoon4@hotmail.com
bnr-skraus1479@friendly-email.com:kraus1966:bnr-skraus1479@friendly-email.com
rayray86@hotmail.co.uk:rayray:rayray86@hotmail.co.uk
wagnerfa@aol.com:madison71:wagnerfa@aol.com
jose-nieves-1@hotmail.com:loser14:jose-nieves-1@hotmail.com
jlr13@hotmail.com:dogfood:jlr13@hotmail.com
david@upton9335.freeserve.co.uk:password:david@upton9335.freeserve.co.uk
\tjlr13@hotmail.com:password:\tjlr13@hotmail.com
maprenoops@yahoo.com:sulross:maprenoops@yahoo.com
cemery87@mercyhurst.edu:mercyhurst27:cemery87@mercyhurst.edu
euphalador@harbornet.com:slocum:euphalador@harbornet.com
\trdraeger@emich.edu:password:\trdraeger@emich.edu
bookphil@aol.com:winifred:bookphil@aol.com
firebolt5968@aol.com:fox992cw:firebolt5968@aol.com
jligda@steadyserve.net:password:jligda@steadyserve.net
jligda@ebnom.org:password:jligda@ebnom.org
thomas_savage@bellsouth.net:yorktown:thomas_savage@bellsouth.net
Anthony_lyke@yahoo.com:hunter:Anthony_lyke@yahoo.com
histbuff11@hotmail.com:wesleyan:histbuff11@hotmail.com
ltbrad@scdjj.net:boyana:ltbrad@scdjj.net
cf797578@albany.edu:eloc13en:cf797578@albany.edu
73.thomas@gmail.com:password:73.thomas@gmail.com
bdfreeman@charter.net:password:bdfreeman@charter.net
ALICIA@SBCGLOBAL.NET:hustler:ALICIA@SBCGLOBAL.NET
yardleyk@gallatinriver.net:password:yardleyk@gallatinriver.net
test@test.org:password:test@test.org
spartan7500@aol.com:depaul75:spartan7500@aol.com
rachellorraineb@yahoo.com:6655321:rachellorraineb@yahoo.com
anthow332391@yahoo.com:anthow:anthow332391@yahoo.com
lilshedevil1990@yahoo.com:mickey:lilshedevil1990@yahoo.com
belld@queenofpeacehs.com:liberty:belld@queenofpeacehs.com
minthorn@gw.lincoln.k12.mi.us:custer:minthorn@gw.lincoln.k12.mi.us
trexbean@hotmail.com:ralph:trexbean@hotmail.com
synchro_chica@hotmail.com:legolas:synchro_chica@hotmail.com
kvh@umich.edu:sakura:kvh@umich.edu
jshayne@verizon.net:jsAK613:jshayne@verizon.net
mel.hollis@insightbb.com:griffox1:mel.hollis@insightbb.com
Cul9028@aol.com:Misslillie:Cul9028@aol.com
hwb46@earthlink.net:password:hwb46@earthlink.net
jayarbee@f-talktalk.net:merlin:jayarbee@f-talktalk.net
\tjayarbee@talktaalk.net:password:\tjayarbee@talktaalk.net
lordlardnos@yahoo.com:laggon:lordlardnos@yahoo.com
lovable_bookworm@yahoo.com:password:lovable_bookworm@yahoo.com
kthartig@aol.com:nalacat:kthartig@aol.com
loobyloob@hotmail.co.uk:ilovedave:loobyloob@hotmail.co.uk
marin1@cox.net:laspeliculas:marin1@cox.net
ajhoward@tmail.com:595959:ajhoward@tmail.com
awa_ignacio@verizon.net:Sep-59:awa_ignacio@verizon.net
markashenry@comcast.net:mhmh1964:markashenry@comcast.net
tankjunk@gmail.com:password:tankjunk@gmail.com
\tevelyn_lockett@hotmail.com:password:\tevelyn_lockett@hotmail.com
sdnader1sg@yahoo.com:28band:sdnader1sg@yahoo.com
kitdickman@cox.net:kitkat:kitdickman@cox.net
paulam@csmd.edu:anubis:paulam@csmd.edu
tarawisher@yahoo.com:mallory:tarawisher@yahoo.com
mahesh.arjun@gmail.com:password:mahesh.arjun@gmail.com
sithren@yahoo.com:3811jess:sithren@yahoo.com
nancy_swartz@yahoo.com:home0838:nancy_swartz@yahoo.com
\teditors@reminisce.com:password:\teditors@reminisce.com
mkmartowski@charter.net:password:mkmartowski@charter.net
zicom@comcast.net:jtm111:zicom@comcast.net
wrdtravl@joptonline.net:missys13:wrdtravl@joptonline.net
jo.grant@comcast.net:password:jo.grant@comcast.net
p.gibson2@comcast.net:1089:p.gibson2@comcast.net
Christell@vignedor.net:Bruce01:Christell@vignedor.net
llockhart@orilliapubliclibrary.ca:confused:llockhart@orilliapubliclibrary.ca
pstim@comcast.net:password:pstim@comcast.net
andrew.smithson@orange.k12.nc.us:albemarle:andrew.smithson@orange.k12.nc.us
brynney_boy@yahoo.com:letmein1:brynney_boy@yahoo.com
fkoneals@yahoo.com:Banshee1:fkoneals@yahoo.com
melindaratchford@bac.edu:titanicqueen:melindaratchford@bac.edu
cwbluebelly@sbcglobal.net:58nfldoldmag:cwbluebelly@sbcglobal.net
axsb65@dsl.pipex.com:password:axsb65@dsl.pipex.com
arwenfrodogurl@hotmail.com:Frodo1:arwenfrodogurl@hotmail.com
girl_on_a_string_25@hotmail.com:MissyLou1234:girl_on_a_string_25@hotmail.com
bkiman55@hotmail.com:jit1bag:bkiman55@hotmail.com
jgl@jglmanagement.com:cinefile:jgl@jglmanagement.com
hlhill@wcnet.org:carrie16:hlhill@wcnet.org
dani2871@yahoo.com:3coot8:dani2871@yahoo.com
smithtonnette@yahoo.com:tonnettj:smithtonnette@yahoo.com
\tsc@rpchollywood.com:password:\tsc@rpchollywood.com
sc@rpchollywood.com:password:sc@rpchollywood.com
amanda_chin87@yahoo.com:littledog:amanda_chin87@yahoo.com
lilyjamesalbus@hotmail.com:KATHARD12:lilyjamesalbus@hotmail.com
rwechsler@lwdirect.com:twins:rwechsler@lwdirect.com
free2ryme1857@yahoo.com:chaplin:free2ryme1857@yahoo.com
william_guerriero@hotmail.com:oldgolfer:william_guerriero@hotmail.com
bbrack48@yahoo.com:password:bbrack48@yahoo.com
cpez122502@aol.com:pink44:cpez122502@aol.com
djd123@btinternet.com:wotsit:djd123@btinternet.com
kinita15@sbcglobal.net:daniel:kinita15@sbcglobal.net
walkergw@sbcglobal.net:IwoJima:walkergw@sbcglobal.net
cgomez@ironstonevineyards.com:ViogNier889:cgomez@ironstonevineyards.com
irish_aisleen@hotmail.com:rockme:irish_aisleen@hotmail.com
lbaker530@cfl.rr.com:tylerjohn:lbaker530@cfl.rr.com
kati.johnson@valpo.edu:lucylou0:kati.johnson@valpo.edu
kanesp133@aol.com:shots:kanesp133@aol.com
rsears2@comcast.net:turkey:rsears2@comcast.net
depechegirl.kevinspaceyfan@gmail.com:depeche:depechegirl.kevinspaceyfan@gmail.com
andybyron@aol.com:123456:andybyron@aol.com
wetseallluvr@aim.com:monkey:wetseallluvr@aim.com
jc_deets@yahoo.com:maxell47:jc_deets@yahoo.com
erbster@gmail.com:initiallycool:erbster@gmail.com
BURNSEJ@mail.milwaukee.k12.wi.us:password:BURNSEJ@mail.milwaukee.k12.wi.us
nannybrowning@bellsouth.net:nanny123:nannybrowning@bellsouth.net
sliggs@cox.net:google23:sliggs@cox.net
lettyruiz5@gmail.com:Flatiron1:lettyruiz5@gmail.com
honolulujd@yahoo.com:pacifica:honolulujd@yahoo.com
scanale5@yahoo.com:ilovet5:scanale5@yahoo.com
asaulnier1291@charter.net:history:asaulnier1291@charter.net
mrtaylor9506@msn.com:betty1:mrtaylor9506@msn.com
shall1028@yahoo.ca:hawklord:shall1028@yahoo.ca
singingbeauty@gmail.com:6836393:singingbeauty@gmail.com
arnie@tymewyse.com:password:arnie@tymewyse.com
j.pockson@gmail.com:fred410:j.pockson@gmail.com
kathy.cavanaugh@verizon.net:keith:kathy.cavanaugh@verizon.net
5allys07@earthlink.net:allys07:5allys07@earthlink.net
CBourgeois@Wesco.com:password:CBourgeois@Wesco.com
rcjlmartens@msn.com:jaog9:rcjlmartens@msn.com
alibob92@yahoo.com:Stephanie:alibob92@yahoo.com
vaz06@hotmail.com:password:vaz06@hotmail.com
tamekawilson2001@yahoo.com:wilson12:tamekawilson2001@yahoo.com
pierreseillier@hotmail.fr:usarmy:pierreseillier@hotmail.fr
jonathan.hayter@sandownhighschool.com:rosencrantz:jonathan.hayter@sandownhighschool.com
jphayter@hotmail.co.uk:rosencrantz:jphayter@hotmail.co.uk
rocky8696@msn.com:rockyhutson:rocky8696@msn.com
podauj@wi.rr.com:route12:podauj@wi.rr.com
hxokpink@gmail.com:staywithme:hxokpink@gmail.com
ishmaelangelo@hotmail.com:tucuche:ishmaelangelo@hotmail.com
mangini@gte.net:password:mangini@gte.net
curiouser@rdr.net:lacroix:curiouser@rdr.net
slimray@gmail.com:password:slimray@gmail.com
vmm@mindspring.com:password:vmm@mindspring.com
jdneiceltd@yahoo.com:fitzzz:jdneiceltd@yahoo.com
farez_87@yahoo.com:arez87:farez_87@yahoo.com
sujimca86@gmail.com:password:sujimca86@gmail.com
bradbunnin@comcast.net:dovehawk:bradbunnin@comcast.net
sweetheartmama286232005@yahoo.com:lacobella:sweetheartmama286232005@yahoo.com
glmorey@earthlink.net:mouse74:glmorey@earthlink.net
joay1@frontiernet.net:Fjeran:joay1@frontiernet.net
pvpatty@tpg.com.au:password:pvpatty@tpg.com.au
dbull@bullworks.net:oldmagbull12:dbull@bullworks.net
maxime.of.maxoom@gmail.com:neptuen63595:maxime.of.maxoom@gmail.com
jeannelleh@aol.com:twee8933:jeannelleh@aol.com
blumlad@aol.com:Thor825:blumlad@aol.com
saurabh@fibre2fashion.com:san12345:saurabh@fibre2fashion.com
linhhai1021@yahoo.com:haiheo:linhhai1021@yahoo.com
dmmarcum12000@yahoo.com:grandpa:dmmarcum12000@yahoo.com
she_ra96@hotmail.com:2flowers:she_ra96@hotmail.com
Candy12139@aol.com:password:Candy12139@aol.com
candy12139@aol.com:haileej:candy12139@aol.com
wernhamgaryneil@yahoo.co.uk:cafferymadpuds:wernhamgaryneil@yahoo.co.uk
shaddowreapper@hotmail.co.uk:password:shaddowreapper@hotmail.co.uk
kernohan@winfirst.com:695858:kernohan@winfirst.com
herodotus05@yahoo.com:qchead:herodotus05@yahoo.com
beth.haak@verizon.net:galadriel:beth.haak@verizon.net
tonynguy@umich.edu:shaq34:tonynguy@umich.edu
m_gurchinoff@hotmail.com:bacon:m_gurchinoff@hotmail.com
tmoglesby1@yahoo.com:patriotic:tmoglesby1@yahoo.com
hsnehi@cvent.com:bladenivy:hsnehi@cvent.com
cutiepie_angela1@yahoo.com:alissa:cutiepie_angela1@yahoo.com
raichanddebbie@hotmail.co.uk:barney99:raichanddebbie@hotmail.co.uk
jane_thompson_4@hotmail.com:hamish12:jane_thompson_4@hotmail.com
ktmccune@gmail.com:creamedice:ktmccune@gmail.com
miz_dede_2@yahoo.com:chance:miz_dede_2@yahoo.com
rebeca.morrison@yahoo.com:23-Oct:rebeca.morrison@yahoo.com
mahmann@comcast.net:zeldadog:mahmann@comcast.net
bdozierfbtc@hotmail.com:24601:bdozierfbtc@hotmail.com
laura.wallen@sc.stephens.edu:laura100:laura.wallen@sc.stephens.edu
erika_washington@hotmail.com:vegaswynter:erika_washington@hotmail.com
roseylakos@att.net:rosita2:roseylakos@att.net
jfm1215@juno.com:password:jfm1215@juno.com
raltman@hearne.k12.tx.us:hank04:raltman@hearne.k12.tx.us
wcharnock@aol.com:Holly55:wcharnock@aol.com
paul.englesberg@wwu.edu:anbo:paul.englesberg@wwu.edu
\tcaperbooks@yahoo.com:password:\tcaperbooks@yahoo.com
smcgrath@colum.edu:password:smcgrath@colum.edu
rkopera@comcast.net:lov3less:rkopera@comcast.net
mj1194@txstate.edu:macie2190:mj1194@txstate.edu
veronicaneo@gmail.com:serenade:veronicaneo@gmail.com
zettlemoyerd@cattysd.org:zettlemoyerd@cattysd.org:zettlemoyerd@cattysd.org
brettcovington42@yahoo.com:yank:brettcovington42@yahoo.com
delippman224@yahoo.com:lucky:delippman224@yahoo.com
alice278@aol.com:westvalley:alice278@aol.com
r.black00@comcast.net:history:r.black00@comcast.net
vikkids@gmail.com:1vikki:vikkids@gmail.com
SWeber814@aol.com:14-Aug:SWeber814@aol.com
john_yazzie88@hotmail.com:NewAgePoly1072:john_yazzie88@hotmail.com
lalunoux@gmail.com:coolmint:lalunoux@gmail.com
erichsen_sue@verizon.net:romeo:erichsen_sue@verizon.net
staaacex3@yahoo.com:lipgloss69:staaacex3@yahoo.com
mmf390@qwestoffice.net:duffy:mmf390@qwestoffice.net
r.black00@comcast.net:flapper:r.black00@comcast.net
treadwayhome@gmail.com:password:treadwayhome@gmail.com
vandenEynJ@aol.com:sebastian:vandenEynJ@aol.com
Searcher1911@AOL.com:roberta2838:Searcher1911@AOL.com
the_next_picasso@hotmail.com:0109scotia1985:the_next_picasso@hotmail.com
mccormickkathleen@hotmail.com:jacob123:mccormickkathleen@hotmail.com
superfairyunicornprincess@gmail.com:fashion:superfairyunicornprincess@gmail.com
tareqbd84@yahoo.com:trend123:tareqbd84@yahoo.com
robertappling@hughes.net:FOOBUNNY:robertappling@hughes.net
dirkjakobs@googlemail.com:password:dirkjakobs@googlemail.com
free2rome44@yahoo.com:sunshine0704:free2rome44@yahoo.com
civilwarren@yahoo.com:password:civilwarren@yahoo.com
hhopp@rogers.com:bull881:hhopp@rogers.com
jojo_127@hotmail.co.uk:password:jojo_127@hotmail.co.uk
xjuliamarie144o@aol.com:gulia1:xjuliamarie144o@aol.com
arus@russllestone.com:dominics:arus@russllestone.com
cilantro@rcn.com:password:cilantro@rcn.com
susan.bevington@ish.de:bertha:susan.bevington@ish.de
reed_kenneth@hotmail.com:kenr1:reed_kenneth@hotmail.com
dandocgarcia@yahoo.com:123wee:dandocgarcia@yahoo.com
doceo@charter.net:lilium:doceo@charter.net
bbrown@mho.net:password:bbrown@mho.net
wmofglencrest@att.net  :password:wmofglencrest@att.net  
david@davidhjones.net  :password:david@davidhjones.net  
pmastin@cogeco.ca:super1:pmastin@cogeco.ca
arus@russellstone.com:dominics:arus@russellstone.com
jpharr@gci.net:butterfly:jpharr@gci.net
bebe4080@hotmail.com:devika:bebe4080@hotmail.com
scottbrands@gmail.com:india123:scottbrands@gmail.com
mandaofdoom@gmail.com:amanda:mandaofdoom@gmail.com
pjebenstep@yahoo.com:Paranoid:pjebenstep@yahoo.com
r.black00@comcast.net:flappers:r.black00@comcast.net
ebjp-admin@ebookjoint.com:3AusELMg:ebjp-admin@ebookjoint.com
soliss@palmbeach.k12.fl.us:tracks12:soliss@palmbeach.k12.fl.us
krberry1@hotmail.com:krbe2685:krberry1@hotmail.com
sarabarao@hotmail.com:princess:sarabarao@hotmail.com
aubrey76@ctvea.net:password:aubrey76@ctvea.net
carolyn@10370.com:rocco1:carolyn@10370.com
debbiemorgan66@yahoo.co.uk:hollyrae:debbiemorgan66@yahoo.co.uk
caroline@isberg.com:leonberger1:caroline@isberg.com
roblisahunter@juno.com:1993:roblisahunter@juno.com
oma@ki4qhj.otherinbox.com:mqwStbyBUbH4hh9oD3rU:oma@ki4qhj.otherinbox.com
mohiulaec@yahoo.in:password:mohiulaec@yahoo.in
maltbyoil@aol.com:pat1714:maltbyoil@aol.com
northernenergetics@earthlink.net:password:northernenergetics@earthlink.net
verena.se@gmail.com:venomlover123:verena.se@gmail.com
gea11@yahoo.com:sugerme1:gea11@yahoo.com
kressn@episcopalhigh.org:nq38HS9x:kressn@episcopalhigh.org
crose426@hotmail.com:ellier127:crose426@hotmail.com
emmy101@sbcglobal.net:ylime33:emmy101@sbcglobal.net
Bulldog6382@hotmail.com:roadkill:Bulldog6382@hotmail.com
dirtyrushn68@aol.com:scooter666:dirtyrushn68@aol.com
Shannon_King@mail.msj.edu:sparkles:Shannon_King@mail.msj.edu
naflanne@gmail.com:password:naflanne@gmail.com
janoy79@yahoo.com:pierre1:janoy79@yahoo.com
slickym0701@verizon.net:pepper999:slickym0701@verizon.net
mike.vassios@verizon.net:lilbug:mike.vassios@verizon.net
hack.last@yahoo.com:vietnamese:hack.last@yahoo.com
heavy.metal.lover@hotmail.com:paris:heavy.metal.lover@hotmail.com
krazykristal@aol.com:candya123:krazykristal@aol.com
mcluckies@episcopalhigh.org:eagles:mcluckies@episcopalhigh.org
Allan.Baggesoe@illvid.dk:alba1966:Allan.Baggesoe@illvid.dk
macsking@chariot.net.au:13rabbit:macsking@chariot.net.au
seawriter88@aol.com:oldmagazinearticles:seawriter88@aol.com
saphiradiamond@gmail.com:flurby:saphiradiamond@gmail.com
bermy@msn.com:password:bermy@msn.com
Gordon_S_Chappell@nps.gov:password:Gordon_S_Chappell@nps.gov
sunny_112kota@yahoo.co.in:password:sunny_112kota@yahoo.co.in
rayahlevy@gmail.com:freedom2009:rayahlevy@gmail.com
poofay@gmail.com:chicken:poofay@gmail.com
homas_gallagher@hotmail.co.uk:password:homas_gallagher@hotmail.co.uk
mlwoodco@aol.com:password:mlwoodco@aol.com
gwhough@oakapple.net:password:gwhough@oakapple.net
whh2@charter.net:password:whh2@charter.net
docdhl@pacbell.net:password:docdhl@pacbell.net
hardwic2@cox.net:password:hardwic2@cox.net
cesserman@tsgconsumer.com:Carolyn:cesserman@tsgconsumer.com
lesa.bradtmueller@yahoo.com:wendey92:lesa.bradtmueller@yahoo.com
robrfrantz@cox.net:gecko35:robrfrantz@cox.net
mcyberfloss@cs.com:password:mcyberfloss@cs.com
rosamiya01@yahoo.com:dirkpitt0108:rosamiya01@yahoo.com
sandbern@worldnet.att.net:WICKLIFFE:sandbern@worldnet.att.net
AGSussky@aol.com:sussky:AGSussky@aol.com
mogancrystal@yahoo.com:123123:mogancrystal@yahoo.com
is145gordon@aol.com:socials55:is145gordon@aol.com
jon4@mac.com:willy2:jon4@mac.com
Tatesl@elac.edu:password:Tatesl@elac.edu
jesusgmoralez@gmail.com:mojo14:jesusgmoralez@gmail.com
dnnjkn@aol.com:jaycex11:dnnjkn@aol.com
VidMicevicWMC@yahoo.com:password:VidMicevicWMC@yahoo.com
imanav@mac.com:shopping:imanav@mac.com
bmelloh@cinci.rr.com:turner:bmelloh@cinci.rr.com
ngionetjr@aol.com:2xclique:ngionetjr@aol.com
mark@markswan.co.uk:anticoli:mark@markswan.co.uk
ls21664@aol.com:megan15:ls21664@aol.com
reyman52@gmail.com:6182833120:reyman52@gmail.com
missweick@juno.com:promise:missweick@juno.com
john.macfarlane@mcgrigors.com:quintin49:john.macfarlane@mcgrigors.com
tetea7@hotmail.com:blessedhope:tetea7@hotmail.com
ironchapman@yahoo.com:Valkyrie234:ironchapman@yahoo.com
david.duffield@k12.sd.us:dietcoke:david.duffield@k12.sd.us
carroll.damon@gmail.com:fuck666:carroll.damon@gmail.com
brihollis@gmail.com:classy251:brihollis@gmail.com
pweisson@cgroupllc.com:password:pweisson@cgroupllc.com
jj_mcnally@hotmail.com:ey24!!:jj_mcnally@hotmail.com
matthewsbrand@gmail.com:india123:matthewsbrand@gmail.com
toosun1@netscape.net:Jz9fsF7b:toosun1@netscape.net
marijane1201@charter.net:tiger1:marijane1201@charter.net
original_familio@yahoo.com:emmafrost:original_familio@yahoo.com
vanessa-16@live.co.uk:16lemmon:vanessa-16@live.co.uk
bess@goodwordtravel.com:goodword:bess@goodwordtravel.com
researchlady@carolina.rr.com:zayat1953:researchlady@carolina.rr.com
sdonato@lynwoodusd.org:donatoisthebest:sdonato@lynwoodusd.org
j_macdougall@comcast.net:janet01:j_macdougall@comcast.net
ldestiche@gmail.com:godawgs:ldestiche@gmail.com
babzy@yahoo.com:55555555:babzy@yahoo.com
\tjessica.dutt@k12.sd.us:password:\tjessica.dutt@k12.sd.us
andreaslonn@gmail.com:redrum:andreaslonn@gmail.com
stacycowboys17@yahoo.com:reagan17:stacycowboys17@yahoo.com
kelseybitter@yahoo.com:millie:kelseybitter@yahoo.com
sara_gira@hotmail.com:purple:sara_gira@hotmail.com
\tsara_gira@hotmail.com:password:\tsara_gira@hotmail.com
maggie_green_7365@msn.com:mfnsmfns:maggie_green_7365@msn.com
dolphinjoy94@yahoo.com:Jessika:dolphinjoy94@yahoo.com
kthln_blake@yahoo.com:kittycat:kthln_blake@yahoo.com
emichaelharris@yahoo.com:callie:emichaelharris@yahoo.com
md_taylor@verizon.net:blabfed:md_taylor@verizon.net
alokmolbio@yahoo.com:5821279054:alokmolbio@yahoo.com
sroswold@uncc.edu:Fran/2938:sroswold@uncc.edu
kallyblonde@aol.com:misty3806:kallyblonde@aol.com
cfg.2@hotmail.com:g8895c:cfg.2@hotmail.com
harry.samuel@balliol.ox.ac.uk:password:harry.samuel@balliol.ox.ac.uk
mattandpattyray@aol.com:vogue:mattandpattyray@aol.com
d.k.j@att.net:2334chance:d.k.j@att.net
wedgee01@aol.com:5forks:wedgee01@aol.com
carl@bhamcc.com:amelie10:carl@bhamcc.com
jcmarsh@buckeye-express.com:bandit:jcmarsh@buckeye-express.com
jacket.lee.sk@gmail.com:use123456:jacket.lee.sk@gmail.com
bronwynnhughes@yahoo.com:borogove:bronwynnhughes@yahoo.com
westellrhodes@msn.com:DVerrill1912:westellrhodes@msn.com
lgottlieb@cfr.org:mittens:lgottlieb@cfr.org
hck893@telkomsa.net:luther:hck893@telkomsa.net
oberg50@yahoo.com:brand99:oberg50@yahoo.com
bruno@venetiastudium.com:mariano:bruno@venetiastudium.com
jlf6096@aol.com:password:jlf6096@aol.com
zjerzy@gmail.com:password:zjerzy@gmail.com
frankiegean@hotmail.com:shirleybaby1:frankiegean@hotmail.com
jangel003@northstate.net:ursulass2g:jangel003@northstate.net
atiamax@yahoo.com:musicmelody:atiamax@yahoo.com
Flo_T@hotmail.co.uk:toffee:Flo_T@hotmail.co.uk
firekillerco77@aol.com:navfd77:firekillerco77@aol.com
flasherman88@yahoo.com:time2go:flasherman88@yahoo.com
carl@nyheter365.se:password:carl@nyheter365.se
robjames702@yahoo.com:roadrunner65:robjames702@yahoo.com
suziqhart@gmail.com:elohim4me:suziqhart@gmail.com
artofmanliness@gmail.com:password:artofmanliness@gmail.com
lisaspb@mail.ru:Yfhwbcc:lisaspb@mail.ru
sammykb93@aol.com:poobe:sammykb93@aol.com
3195@stonyhurst.ac.uk:password:3195@stonyhurst.ac.uk
jenny.morris-smith@avant.org.au:beth95:jenny.morris-smith@avant.org.au
tompeter42@gmail.com:password:tompeter42@gmail.com
jillblackman05@aol.com:jingles:jillblackman05@aol.com
dbayles@tburg.k12.ny.us:gat56y:dbayles@tburg.k12.ny.us
nikkicorbett14@hotmail.com:nicolacorbett:nikkicorbett14@hotmail.com
jenniferrhodes58@yahoo.com :jr8417566:jenniferrhodes58@yahoo.com 
\tvkempe@speedpro.com:password:\tvkempe@speedpro.com
varun.tirumala@bt.com:9975619253:varun.tirumala@bt.com
wheres_waldo_676@hotmail.co.uk:radiogaga:wheres_waldo_676@hotmail.co.uk
shallberg@hydecollection.org:alice5:shallberg@hydecollection.org
subhash.rox@gmail.com:sonadevi:subhash.rox@gmail.com
sjm1958@insightbb.com:jody1958:sjm1958@insightbb.com
mannygjr@sbcglobal.net:password:mannygjr@sbcglobal.net
tac862@verizon.net:password:tac862@verizon.net
moz_1@hotmail.com:password:moz_1@hotmail.com
dhartman.64@gmail.com:hc6mxgav:dhartman.64@gmail.com
gnassetti@hotmail.com:eunooldmaganiearticles:gnassetti@hotmail.com
jslip1226@comcast.net:bubbles1:jslip1226@comcast.net
cperez95@rcn.com:Feb-95:cperez95@rcn.com
patherrman@yahoo.com:password:patherrman@yahoo.com
calcluff@gmail.com:stella:calcluff@gmail.com
stupendous3@yahoo.com:duke01:stupendous3@yahoo.com
acondon@lism.catholic.edu.au:kquantum:acondon@lism.catholic.edu.au
lruder@netzero.net:zephyr:lruder@netzero.net
misti.michael@matsuk12.us:newhope:misti.michael@matsuk12.us
ozzymelon@live.com:matilda:ozzymelon@live.com
richard.bergman@tldsb.on.ca:rooney2:richard.bergman@tldsb.on.ca
mdolly9@gmail.com:guessmd9:mdolly9@gmail.com
beccanchristie@hotmail.co.uk:caitlin22:beccanchristie@hotmail.co.uk
ascaggs1@hotmail.com:pmo55506:ascaggs1@hotmail.com
Tbvck@bctonline.com:1984chev:Tbvck@bctonline.com
theobaz@netzero.net:bazzy39:theobaz@netzero.net
eokane@icacademy.org:ribbit79:eokane@icacademy.org
emmarose0902@hotmail.co.uk:password:emmarose0902@hotmail.co.uk
rease772000@yahoo.com:4548:rease772000@yahoo.com
hansen.hillary12@gmail.com:forestbeach:hansen.hillary12@gmail.com
maysaa_kamel@hotmail.com:password:maysaa_kamel@hotmail.com
groovyrefadmin@gmail.com:andrea:groovyrefadmin@gmail.com
MaeDaymahoney@hotmail.com:Angel11:MaeDaymahoney@hotmail.com
smile72@bellsouth.net:bumpo2:smile72@bellsouth.net
bgccrocks@yahoo.com:moussa:bgccrocks@yahoo.com
raiders_1_626@yahoo.com:eg4dm3:raiders_1_626@yahoo.com
links412@gmail.com:password:links412@gmail.com
mjck2003@yahoo.com:youseef:mjck2003@yahoo.com
steph8677@msn.com:calvin:steph8677@msn.com
lecbannon@gmail.com:F3rlsn$:lecbannon@gmail.com
hjmckee@neo.rr.com:password:hjmckee@neo.rr.com
nastassja.kirk@unn.ac.uk:lucy4317:nastassja.kirk@unn.ac.uk
buckleyj@pawlingschools.org:marist04:buckleyj@pawlingschools.org
bilgilf@gmail.com:191919:bilgilf@gmail.com
artbrown@comcast.net:password:artbrown@comcast.net
lhh7@aber.ac.uk:password:lhh7@aber.ac.uk
shaug3@juno.com:password:shaug3@juno.com
cfleming2@bcps.org:annE2783:cfleming2@bcps.org
pfreeman@cliftonfine.org:tedman:pfreeman@cliftonfine.org
jgaffey1@verizon.net:password:jgaffey1@verizon.net
emfex@emfex.com:emf123:emfex@emfex.com
acampb0917@comcast.net:gracie:acampb0917@comcast.net
edgstamps@aol.com:delibrarian:edgstamps@aol.com
MK3014@k12.sd.us:flapper:MK3014@k12.sd.us
katiebillings97@yahoo.com:password:katiebillings97@yahoo.com
cpwc11@gmail.com:password:cpwc11@gmail.com
sashimid@gmail.com:password:sashimid@gmail.com
darren467@mac.com:bogbog:darren467@mac.com
harrietbergmanski@yahoo.com:hpb23merlin:harrietbergmanski@yahoo.com
lmjano@netzero.com:ladydog:lmjano@netzero.com
jbeil@pacbell.net:kayak:jbeil@pacbell.net
acheney@gmail.com:marigold1:acheney@gmail.com
autigers94@yahoo.com:gvnshd4u:autigers94@yahoo.com
t2tigger@earthlink.net:LakaiB:t2tigger@earthlink.net
anissabalbaky@yahoo.com:tatter13:anissabalbaky@yahoo.com
suejames1@msn.com:danielle:suejames1@msn.com
melissadileonardo@mail.adelphi.edu:melissa:melissadileonardo@mail.adelphi.edu
ellie_wellie_1@hotmail.com:password:ellie_wellie_1@hotmail.com
alesiaannconley@gmail.com:33Silver33:alesiaannconley@gmail.com
azmal_20203030@yahoo.com:shanti:azmal_20203030@yahoo.com
Diamond8345@comcast.net:850800:Diamond8345@comcast.net
shofbauer@comcast.net:deulux1091:shofbauer@comcast.net
charder1@mac.com:boomer:charder1@mac.com
shiningstar394@yahoo.com:ginger1:shiningstar394@yahoo.com
Tross@wkg.com:Seamus55:Tross@wkg.com
cmeynig21@yahoo.com:peeka222:cmeynig21@yahoo.com
jastag@juno.com:password:jastag@juno.com
benjamingibson1@gmail.com:260032:benjamingibson1@gmail.com
williamssarita@ymail.com:honeybunny12:williamssarita@ymail.com
katran00@aol.com:va22030:katran00@aol.com
\tkatran00@aol.com:password:\tkatran00@aol.com
\tautigers94@yahoo.com:password:\tautigers94@yahoo.com
deemccarton@gmail.com:curragh:deemccarton@gmail.com
cornejo101@gmail.com:password:cornejo101@gmail.com
teeterkid@hotmail.com:justin:teeterkid@hotmail.com
julnkev@mac.com:33renegade:julnkev@mac.com
bfunk003@yahoo.com:bfunk088:bfunk003@yahoo.com
e.duina@tin.it:password:e.duina@tin.it
debra.alexis@verizon.net:121553a:debra.alexis@verizon.net
ppatches13@gmail.com:password:ppatches13@gmail.com
comiskey1234@comcast.net:lizzie37:comiskey1234@comcast.net
skey@sfsymphony.org:musidker:skey@sfsymphony.org
stephaniecaesaria@yahoo.com:emo_girl:stephaniecaesaria@yahoo.com
beades@almonte.com:erica7:beades@almonte.com
oopsitsally@aol.com:shaggy3:oopsitsally@aol.com
arunkansara@gmail.com:chandpole:arunkansara@gmail.com
agusrw@gmail.com:password:agusrw@gmail.com
forever_changes@hotmail.com:orlock:forever_changes@hotmail.com
cabaret66@aol.com:password:cabaret66@aol.com
kathyaryan@comcast.net:kathy50:kathyaryan@comcast.net
rosa.white@clovis-schools.org:gabe13:rosa.white@clovis-schools.org
copywriter007@ureach.com:victor:copywriter007@ureach.com
hgreenberg33@aol.com:shushu:hgreenberg33@aol.com
ellen_leonard@hotmail.com:frazier:ellen_leonard@hotmail.com
jremi@msn.com:jonnie1:jremi@msn.com
mxworld_us@mindspring.com:saja1213:mxworld_us@mindspring.com
ci.sanchez@earthlink.net:ladygirl:ci.sanchez@earthlink.net
kpenrod@nec.edu:OA39126ChaG:kpenrod@nec.edu
gonzalez3846@live.com:ltrotc:gonzalez3846@live.com
acastrog02@hotmail.com:castro:acastrog02@hotmail.com
ourebooks4u@gmail.com:password:ourebooks4u@gmail.com
fishoncj@aol.com:mabuhay41:fishoncj@aol.com
bevkornell@msn.com:passover:bevkornell@msn.com
ckn_ty@hotmail.com:almqvist:ckn_ty@hotmail.com
FEBLUEJEANS@EMBARQMAIL.COM:password:FEBLUEJEANS@EMBARQMAIL.COM
tlabhart@responsiveed.com:password:tlabhart@responsiveed.com
scrovetto@yahoo.com:password:scrovetto@yahoo.com
charliemanis@hotmail.com:laszlo11:charliemanis@hotmail.com
adamrunacres@hotmail.com:birdboy:adamrunacres@hotmail.com
hansielu@hotmail.co.uk:izzywiz:hansielu@hotmail.co.uk
denisemcd81054@yahoo.com:candle:denisemcd81054@yahoo.com
gypsygirldido@comcast.net:dido1313:gypsygirldido@comcast.net
matt.hook@hchs-community.org:crabtree:matt.hook@hchs-community.org
Greg@MisterGreggy.com:32272kohl:Greg@MisterGreggy.com
phillips2240@rogers.com:65electt:phillips2240@rogers.com
katiewrightmire@gmail.com:intrigued:katiewrightmire@gmail.com
jana938@gmail.com:Zhanna123:jana938@gmail.com
wanda037@bust.com:ricky08:wanda037@bust.com
jkoshen@wi.rr.com:password:jkoshen@wi.rr.com
fred@studenberg.com:password:fred@studenberg.com
bellers@politikwissenschaft.uni-siegen.de:mai:bellers@politikwissenschaft.uni-siegen.de
gosheldon@aol.com:downt0wn:gosheldon@aol.com
kimberly.stephenson@insightbb.com:Mags2004:kimberly.stephenson@insightbb.com
moh_ron@yahoo.com:mymemine:moh_ron@yahoo.com
cmdraves3@yahoo.com:Jayhawks:cmdraves3@yahoo.com
doug@flfinancial.com:password:doug@flfinancial.com
micktierney@me.com:golong:micktierney@me.com
nicholina.mckenna@students.mq.edu.au:password:nicholina.mckenna@students.mq.edu.au
nicholin.mckenna@students.mq.edu.au:password:nicholin.mckenna@students.mq.edu.au
ghere_magic@yahoo.com:eittas1:ghere_magic@yahoo.com
jazziee07@hotmail.com:itspersonal18:jazziee07@hotmail.com
davidgporch@hotmail.com:lachita7:davidgporch@hotmail.com
ewilner@gmail.com:password:ewilner@gmail.com
tania_avendano24@yahoo.com:password:tania_avendano24@yahoo.com
bos7@tx.r.com:audrey:bos7@tx.r.com
melissaberks@hotmail.com:missey:melissaberks@hotmail.com
em729@columbia.edu:68Elvis:em729@columbia.edu
verdeloco1@gmail.com:rado2010:verdeloco1@gmail.com
padaan@btinternet.com:triplex:padaan@btinternet.com
zachariah_mussmon@etownschools.org:mussmon1:zachariah_mussmon@etownschools.org
koan@hawaii.rr.com:impulse7:koan@hawaii.rr.com
dmcraig@me.com:cornwall:dmcraig@me.com
pigs_Fly24@yahoo.com:iloveron1:pigs_Fly24@yahoo.com
ali_ranz@yahoo.com:dpsmbd22:ali_ranz@yahoo.com
eross@glwas.com:chasechase:eross@glwas.com
\trobert.day23@virgin.net:password:\trobert.day23@virgin.net
s.cooper334@btinternet.com:richardson9:s.cooper334@btinternet.com
bos7@tx.rr.com:audrey:bos7@tx.rr.com
wschlavis@tenafly.k12.nj.us:Dookie73:wschlavis@tenafly.k12.nj.us
tennischiky818@comcast.net:kristen818:tennischiky818@comcast.net
thakasile@gmail.com:1kor1558:thakasile@gmail.com
wmp04@fsu.edu:kaleia:wmp04@fsu.edu
cgotz@ihug.co.nz:eagle300:cgotz@ihug.co.nz
hck893@telkomsa.net:luther4:hck893@telkomsa.net
kjsheer@gmail.com:password:kjsheer@gmail.com
lmgerber@msn.com:zoeycat3:lmgerber@msn.com
wkinglocks@gmail.com:15cUDA16:wkinglocks@gmail.com
LynneHouck@comcast.net:19dean11:LynneHouck@comcast.net
donsan@eastlink.ca:password:donsan@eastlink.ca
helloitsjohn35a@yahoo.com:password:helloitsjohn35a@yahoo.com
dsherry3@cox.net:selena10:dsherry3@cox.net
alwolf43@gmail.com:arwahs1961:alwolf43@gmail.com
laz-e-tymegrampy@rogers.com:ton18sam16oma10:laz-e-tymegrampy@rogers.com
richard.burke.4@comcast.net:7b4b2b4b:richard.burke.4@comcast.net
seanyx3@gmail.com:soopercooper:seanyx3@gmail.com
rrupp4@comcast.net:password:rrupp4@comcast.net
juanitab@comcast.net:password:juanitab@comcast.net
jarita.grant@corpsyn.com:andreas23:jarita.grant@corpsyn.com
kenbonnie67@aol.com:password:kenbonnie67@aol.com
stalling@mindspring.com:hannah13:stalling@mindspring.com
yeiogs@jsmloq.com:password:yeiogs@jsmloq.com
mccc1004@yahoo.com:nickey123:mccc1004@yahoo.com
machrat@myway.com:6988th:machrat@myway.com
joh00n@z0es.com:password:joh00n@z0es.com
ellenh@armbrae.ns.ca:password:ellenh@armbrae.ns.ca
givat97@aol.com:yonatan1:givat97@aol.com
vsycts@yhybzh.com:password:vsycts@yhybzh.com
thisir@yahoo.com:thisir1959:thisir@yahoo.com
tools.one@verizon.net:outlook:tools.one@verizon.net
sam.chagalov@gmail.com:75boinest?1933:sam.chagalov@gmail.com
jeansfamilyhistory@yahoo.com:wildwood414:jeansfamilyhistory@yahoo.com
gr8twriter@comcast.net:abortion:gr8twriter@comcast.net
ltravail@cox.net:korkir47:ltravail@cox.net
gmzhou@yahoo.com:zby326:gmzhou@yahoo.com
angeliquebosio@hotmail.com:milkadesbois:angeliquebosio@hotmail.com
glamwebcams@yahoo.com:poartaalba:glamwebcams@yahoo.com
suzannesiebert@earthlink.net:suesue54o:suzannesiebert@earthlink.net
paul@reachfar.co.uk:yp53hfrm:paul@reachfar.co.uk
NLozzi@Tecolote.com:password:NLozzi@Tecolote.com
davidhilton913@hotmail.com:password:davidhilton913@hotmail.com
liuwang@hotmail.com:gl92119:liuwang@hotmail.com
jweston@wcskids.net:turnip2169:jweston@wcskids.net
ehenson@arrowheadmediaclip.com:3babies:ehenson@arrowheadmediaclip.com
sharondin@aol.com:cajenik:sharondin@aol.com
enquiries@st-fergus.renfrewshire.sch.uk:primaryschool:enquiries@st-fergus.renfrewshire.sch.uk
ross@gcc.mass.edu:photo1:ross@gcc.mass.edu
marilyn_saul26@yahoo.com:babyboo1:marilyn_saul26@yahoo.com
kitty.temperley@ntlworld.com:password:kitty.temperley@ntlworld.com
RobinHeller1954@hotmail.com:cosmo898:RobinHeller1954@hotmail.com
\tisherwoodwaits@gmail.com:password:\tisherwoodwaits@gmail.com
tfow2000@yahoo.com:grapes66:tfow2000@yahoo.com
m_z_gutters522@hotmail.com:kitajelli:m_z_gutters522@hotmail.com
m_z_gutter@hotmail.com:kitajellis522:m_z_gutter@hotmail.com
zippytotec@hotmail.com:password:zippytotec@hotmail.com
trinapotterpotter@yahoo.com:123456t:trinapotterpotter@yahoo.com
krmckinstry@gmail.com:oldhistory:krmckinstry@gmail.com
ppwez@pldi.net:addington:ppwez@pldi.net
maguilathepowerpuff@hotmail.com:maillots29:maguilathepowerpuff@hotmail.com
pgallster@gmail.com:turkeyfoot:pgallster@gmail.com
aasides@aol.com:password:aasides@aol.com
katyaseltine@aol.com:catdog:katyaseltine@aol.com
julia1@perusubasta.com:jmqouhyp97:julia1@perusubasta.com
donpeter06@gmail.com:fuckuallo.c06:donpeter06@gmail.com
blacklab16@yahoo.com:mcr112293:blacklab16@yahoo.com
paul.kusters@upcmail.nl:apestaart62:paul.kusters@upcmail.nl
kevin@creditdistinction.com:ariari:kevin@creditdistinction.com
support@watch-movies-for-free-online.net:k08170225:support@watch-movies-for-free-online.net
stcknbondz@aol.com:password:stcknbondz@aol.com
westartedatzero@hotmail.com:reggie:westartedatzero@hotmail.com
nancyca2@comcast.net:CosCob1:nancyca2@comcast.net
n.lakhani@hotmail.com:tomjerry124:n.lakhani@hotmail.com
hannahcarlson13@student.smokyvalley.org:yjd8m:hannahcarlson13@student.smokyvalley.org
alyssasharpe13@student.smokyvalley.org:vsce4:alyssasharpe13@student.smokyvalley.org
mr6654@aol.com:password:mr6654@aol.com
gator6@prodigy.net:eire32:gator6@prodigy.net
vekrd@aol.com:surf12544:vekrd@aol.com
drew.petrie@yahoo.com:dogsrule:drew.petrie@yahoo.com
rw.murphy@verizon.net:dewars:rw.murphy@verizon.net
tombarnet@gmail.com:victoria05:tombarnet@gmail.com
oiorqd@uzeuqm.com:password:oiorqd@uzeuqm.com
lizag_111@hotmail.com:Liza4332:lizag_111@hotmail.com
villaingirl1@gmail.com:torrianni:villaingirl1@gmail.com
mark@cashbackmortgage.com.au:mardell1:mark@cashbackmortgage.com.au
larissa.shirley@gmail.com:towel:larissa.shirley@gmail.com
downgm2010@gmail.com:ken1ryu12003:downgm2010@gmail.com
hannahcwhite@yahoo.com:217park:hannahcwhite@yahoo.com
Dnias@verizon.net:367oldline:Dnias@verizon.net
yodertabitha@yahoo.com:william:yodertabitha@yahoo.com
italianupsman@sbcglobal.net:mycoffee:italianupsman@sbcglobal.net
renee_marlin@yahoo.com:poetry:renee_marlin@yahoo.com
hschultz@roadrunner.com:sharon1379:hschultz@roadrunner.com
pauddy@gmail.com:10203:pauddy@gmail.com
ch_fewlyvi@objectmail.com:1234:ch_fewlyvi@objectmail.com
Salvajoyifenkwe@yahoo.com:password:Salvajoyifenkwe@yahoo.com
em6696@verizon.net:QWERT12345:em6696@verizon.net
 \trenee_marlin@yahoo.com:password: \trenee_marlin@yahoo.com
slind1@earthlink.net:emilykim:slind1@earthlink.net
ericaxu@yahoo.com:oldmagazine:ericaxu@yahoo.com
jwhitaker@wsattorneys.com:password:jwhitaker@wsattorneys.com
netbhas@gmail.com:priyamma:netbhas@gmail.com
emilyannewaters@gmail.com:password:emilyannewaters@gmail.com
reply55@cox.net:Micah6&8:reply55@cox.net
joan_daigle@hotmail.com:bellecote:joan_daigle@hotmail.com
kreilly914@aol.com:password:kreilly914@aol.com
lindsaygardner19@gmail.com:lind1248:lindsaygardner19@gmail.com
dwtroop@hotmail.com:soccer:dwtroop@hotmail.com
reignieli@cashbackmortgage.com.au:mardell1:reignieli@cashbackmortgage.com.au
catmac2020@gmail.com:london97:catmac2020@gmail.com
mnmacs@gmail.com:margaret:mnmacs@gmail.com
bmvargas1@gmail.com:jupiters2:bmvargas1@gmail.com
vcastellaneta@yahoo.com:password:vcastellaneta@yahoo.com
heidi.dunleavy@gmail.com:Donegal2006:heidi.dunleavy@gmail.com
abondell@schools.nyc.gov:allib5282:abondell@schools.nyc.gov
myechos@veriaon.net:password:myechos@veriaon.net
bigmanclothesuk@googlemail.com:big84tall:bigmanclothesuk@googlemail.com
pelintavi@yahoo.com:casano:pelintavi@yahoo.com
sr6557@dragonbbs.com:123456:sr6557@dragonbbs.com
kkshaw163@yahoo.com:chitchat:kkshaw163@yahoo.com
dureqg5@elisione.pl:xVl3ApU718:dureqg5@elisione.pl
kozakmaczek2@elisione.pl:Xnm1ZsP668:kozakmaczek2@elisione.pl
lolek@keegoharborcookbook.org:d4u71LrplO:lolek@keegoharborcookbook.org
juliocefercontacto@gmail.com:julio25:juliocefercontacto@gmail.com
Annhibbie23@yahoo.com:badcompany:Annhibbie23@yahoo.com
preetisingh202@gmail.com:password:preetisingh202@gmail.com
tedrow54@aol.com:annies:tedrow54@aol.com
anilmasih.kumar5@gmail.com:bikram951:anilmasih.kumar5@gmail.com
JHPNP@wi.rr.com:password:JHPNP@wi.rr.com
ahendren210@yahoo.com:hugocat1:ahendren210@yahoo.com
mickilsl@aol.com:vIEZraN895:mickilsl@aol.com
clawson@caa.com:Christopher:clawson@caa.com
dmccormick86@comcast.net:ryancaleb:dmccormick86@comcast.net
sussmanbern@hotmail.com:password:sussmanbern@hotmail.com
 \tgrresearch2002@yahoo.co.uk:password: \tgrresearch2002@yahoo.co.uk
ask5482@yahoo.com:sonia417:ask5482@yahoo.com
\tbelitacorreia1972@gmail.com:password:\tbelitacorreia1972@gmail.com
\tdenapitter@hotmail.com:password:\tdenapitter@hotmail.com
myemail.letmeshowyouit@gmail.com:strannix1948:myemail.letmeshowyouit@gmail.com
erfan.ghaderi@ymail.com:esteve2569:erfan.ghaderi@ymail.com
marian_powers@hotmail.com:marpo22:marian_powers@hotmail.com
\tmarian_powers@hotmail.com:password:\tmarian_powers@hotmail.com
rahuleyes@gmail.com:password:rahuleyes@gmail.com
rakesh.softz@gmail.com:pass123:rakesh.softz@gmail.com
xsqncv@krxqir.com:password:xsqncv@krxqir.com
d.al.a.ka125@gmail.com:E53pgad1oO:d.al.a.ka125@gmail.com
missscarlotte@yahoo.com:spongebob:missscarlotte@yahoo.com
susan.arthur@bms.com:password:susan.arthur@bms.com
ijridd@gmail.com:fut15bol:ijridd@gmail.com
da.l.a.k.a125@gmail.com:E53pgad1oO:da.l.a.k.a125@gmail.com
da.laka125@gmail.com:E53pgad1oO:da.laka125@gmail.com
krm69@case.edu:password:krm69@case.edu
akinulitemitope@yahoo.com:password:akinulitemitope@yahoo.com
j286@wp.pl:iksusjack:j286@wp.pl
anyliza@gmail.com:anyliza:anyliza@gmail.com
bellenafashion@gmail.com:bellena:bellenafashion@gmail.com
sh.hanae@gmail.com:hanaoldmagazine:sh.hanae@gmail.com
k01773@att.net:password:k01773@att.net
andreawilson500@comcast.net:Sandy500:andreawilson500@comcast.net
erica.528stewart@gmail.com:bunneboo28:erica.528stewart@gmail.com
articlesmybest@gmail.com:bestarticles:articlesmybest@gmail.com
karin@karinnewell.com:happiness:karin@karinnewell.com
raskin@imv.au.dk:password:raskin@imv.au.dk
heycons@onetel.com:password:heycons@onetel.com
hafsaabbas200910@yahoo.com:password:hafsaabbas200910@yahoo.com
supes7777@hotmail.com:Krypto:supes7777@hotmail.com
maryg1010@comcast.net:mmmm1010:maryg1010@comcast.net
muggrams@hotmail.com:ax2=bxc=0:muggrams@hotmail.com
08038015@glam.ac.uk:Samil7:08038015@glam.ac.uk
jkoshen@wi.rr.com:trooper:jkoshen@wi.rr.com
jkoshen@wi.rr.com:trooper13:jkoshen@wi.rr.com
d_hettinger@conradweiser.org:tigger:d_hettinger@conradweiser.org
nmrmfc@bnbciu.com:password:nmrmfc@bnbciu.com
demurrell@gccisd.net:salvation:demurrell@gccisd.net
gertrudtalvik@gmail.com:password:gertrudtalvik@gmail.com
tearjerkers2004@yahoo.com:teardrops:tearjerkers2004@yahoo.com
house.greg2@gmail.com:username:house.greg2@gmail.com
sj.sdj@bigpond.com:password:sj.sdj@bigpond.com
jessica.fowler82@gmail.com:RETURN$$:jessica.fowler82@gmail.com
monamarina@gmail.com:thecoolone:monamarina@gmail.com
david.cowhig@gmail.com:trondheim:david.cowhig@gmail.com
ayesha_scott@hotmail.co.uk:password:ayesha_scott@hotmail.co.uk
deepmalasearching@gmail.com:password:deepmalasearching@gmail.com
swilson@foleymansfield.com:password:swilson@foleymansfield.com
\tkel_marr@yahoo.com:password:\tkel_marr@yahoo.com
packerhenry@yahoo.com:Timetraveller1:packerhenry@yahoo.com
miranda.hero.jones@gmail.com:paddington:miranda.hero.jones@gmail.com
hilaryroberts14@aol.com:owen040488:hilaryroberts14@aol.com
olghix@yahoo.com:ianuarie:olghix@yahoo.com
jessicaannolswang@hotmail.com:22-Mar:jessicaannolswang@hotmail.com
komnaya_1987@yahoo.com:123457:komnaya_1987@yahoo.com
atoth@wayneschools.com:nj07470:atoth@wayneschools.com
old-rev@insightbb.com:password:old-rev@insightbb.com
bspikes@aol.com:lulu1234:bspikes@aol.com
jade_leyland@hotmail.com:block104:jade_leyland@hotmail.com
dparkinson@roadrunner.com:vienna56:dparkinson@roadrunner.com
vitodanelli@gmail.com:batten10:vitodanelli@gmail.com
zuzu0505@gmail.com:Bmad711:zuzu0505@gmail.com
mcpond1@hotmail.com:winston123:mcpond1@hotmail.com
esteloff@yahoo.com:henryb:esteloff@yahoo.com
jschneider@greenemetal.com:password:jschneider@greenemetal.com
faysjack@yahoo.com:trevor:faysjack@yahoo.com
hethaz@hotmail.com:tommygirl:hethaz@hotmail.com
michael.peo@wayne.k12.in.us:righttackle74:michael.peo@wayne.k12.in.us
thenovicedreamer@comcast.net:kk1961:thenovicedreamer@comcast.net
emorrison81@frontier.com:password:emorrison81@frontier.com
ahangstrom@server208.serverquality.com:password:ahangstrom@server208.serverquality.com
sunny3141@comcast.net:magic1:sunny3141@comcast.net
ldjg15@gmail.com:canibales:ldjg15@gmail.com
mary.ka.brown@gmail.com:Qazseo123:mary.ka.brown@gmail.com
spowell.t21@btinternet.com:piusten:spowell.t21@btinternet.com
rangson.duke@gmail.com:mostmick:rangson.duke@gmail.com
lm@home-panorama.com:amedeo:lm@home-panorama.com
maheshkva@yahoo.com:password:maheshkva@yahoo.com
meshaghayur@hotmail.com:password:meshaghayur@hotmail.com
terentii@hotmail.com:password:terentii@hotmail.com
raluca.marginasx@gmail.com:ciocolata:raluca.marginasx@gmail.com
lgill@sanjac.org:threekids:lgill@sanjac.org
pachingrado11@hotmail.com:ernestogr4:pachingrado11@hotmail.com
mattaflynn@gmail.com:fandodger:mattaflynn@gmail.com
sclark@beverlyhills.org:Doheny:sclark@beverlyhills.org
rachelemily773@gmail.com:rem412110:rachelemily773@gmail.com
zcopley@gmail.com:810Oa7ZENH3kB4:zcopley@gmail.com
edmund_st@hotmail.co.uk:scalea:edmund_st@hotmail.co.uk
mturner49@ivytech.edu.com:Mel1969.:mturner49@ivytech.edu.com
jasson1296@gmail.com:monkey7:jasson1296@gmail.com
alharris@wayne.edu:12harris:alharris@wayne.edu
sarah.printz@rcsd.ms:qrs1tuv3:sarah.printz@rcsd.ms
rsheeks769@aol.com:password:rsheeks769@aol.com
dukerangson@hotmail.com:password:dukerangson@hotmail.com
\tluisfernandosposito@yahoo.com.br:password:\tluisfernandosposito@yahoo.com.br
rwf5087@gmail.com:lions2013:rwf5087@gmail.com
fruedell@web.de:akazie4:fruedell@web.de
\tchristruppner@yahoo.com:password:\tchristruppner@yahoo.com
dcal421@yahoo.com:afrikan:dcal421@yahoo.com
yodasgranny@yahoo.com:openwound:yodasgranny@yahoo.com
merci4404@earthlink.net:password:merci4404@earthlink.net
flytedb13@comcast.net:flytedb13:flytedb13@comcast.net
cdthistory@live.com:general:cdthistory@live.com
ronf@turning-ip.com:ronfmags1941:ronf@turning-ip.com
rmiller@capecod.net:response:rmiller@capecod.net
australia789ok@gmail.com:6kfIuy14sX:australia789ok@gmail.com
australia135uu@gmail.com:uU8d81cdkE:australia135uu@gmail.com
leach.robert@yahoo.co.uk:wminyr2:leach.robert@yahoo.co.uk
australia135uu@gmail.com:ifu691BhtY:australia135uu@gmail.com
greg.chalas@gmail.com:password:greg.chalas@gmail.com
gluyui689@gmail.com:1i6gB1fokT:gluyui689@gmail.com
googbar7689@gmail.com:Pf4p9bp7yH:googbar7689@gmail.com
nustralia789un@gmail.com:5lffor4R8X:nustralia789un@gmail.com
VNETTADIDIT@YAHOO.COM:bubbles2u:VNETTADIDIT@YAHOO.COM
sirius33trucker@yahoo.com:refreshed1:sirius33trucker@yahoo.com
\tsirius33trucker@yahoo.com:password:\tsirius33trucker@yahoo.com
tbrady@woh.rr.com:tbrady1:tbrady@woh.rr.com
ffftralian967@gmail.com:34xxxs2OtT:ffftralian967@gmail.com
denise.johnson5@sbcglobal.net:password:denise.johnson5@sbcglobal.net
centralparkwest50@gmail.com:password:centralparkwest50@gmail.com
centralparkwest50@gmail.com:writesmu76:centralparkwest50@gmail.com
kanuk4some@charter.net:jaguar95:kanuk4some@charter.net
hbv-billedresearch@bonnier.dk:HBV12345:hbv-billedresearch@bonnier.dk
teresa.cochran@desotocountyschools.org:sailaway:teresa.cochran@desotocountyschools.org
lu3eo@yahoo.com.ar:pathefreres:lu3eo@yahoo.com.ar
ej.bigred071@gmail.com:7.33573E+12:ej.bigred071@gmail.com
wechslerjamesm@gmail.com:sandorpi:wechslerjamesm@gmail.com
keamsdrews@yahoo.com:password:keamsdrews@yahoo.com
dddddduuu789@gmail.com:4Kfy39icbW:dddddduuu789@gmail.com
gggghhh789@gmail.com:1i6gB1fokT:gggghhh789@gmail.com
vicky.cbitss@gmail.com:VickyCbitss:vicky.cbitss@gmail.com
titanicbuff4.14.1912@gmail.com:brenden:titanicbuff4.14.1912@gmail.com
rgseward@bigpond.com:bonnie1528:rgseward@bigpond.com
pawarpawan809@gmail.com:password:pawarpawan809@gmail.com
pawarpawan809@gmail.com:809pawarpawan:pawarpawan809@gmail.com
ruth-lanham@suddenlink.net:lucy2006:ruth-lanham@suddenlink.net
frbeats123aaatt@gmail.com:Rvb9b5gr6N:frbeats123aaatt@gmail.com
jrgunnerson@hotmail.com:inspectorjavert:jrgunnerson@hotmail.com
jim@fremonthills.com:password:jim@fremonthills.com
amakmiller@gmail.com:brenda12:amakmiller@gmail.com
akashmalik24598@gmail.com:malik24598:akashmalik24598@gmail.com
melproctor@aol.com:andykoa:melproctor@aol.com
Peachyv93@yahoo.com:121893:Peachyv93@yahoo.com
haoyourhao789@gmail.com:e4bx3uU7eC:haoyourhao789@gmail.com
manoj.1948@gmail.com:password:manoj.1948@gmail.com
rfrazier@jeffco.us:Tabitha1:rfrazier@jeffco.us
RenoMoife@gmail.com:e4bx3uU7eC:RenoMoife@gmail.com
austranyourmail@gmail.com:3g8vW2ttoT:austranyourmail@gmail.com
gghhhff7889@gmail.com:iDju556wkZ:gghhhff7889@gmail.com
pup9779@yahoo.com:bullseye33:pup9779@yahoo.com
rainbo55@comcast.net:purple55:rainbo55@comcast.net
ustraliansalenow@gmail.com:uzzCu98c2D:ustraliansalenow@gmail.com
ustraliasalecom@gmail.com:Dpu6j9tu1V:ustraliasalecom@gmail.com
89punya89@gmail.com:prathima:89punya89@gmail.com
Nealviada@gmail.com:iDju556wkZ:Nealviada@gmail.com
farquha1@msu.edu:password:farquha1@msu.edu
frgoodbeats123@gmail.com:3g8vW2ttoT:frgoodbeats123@gmail.com
revstokes@gmail.com:race2run:revstokes@gmail.com
frgoodbeats123@gmail.com:4Kfy39icbW:frgoodbeats123@gmail.com
frgoodbeats123@gmail.com:Rvb9b5gr6N:frgoodbeats123@gmail.com
ustraliansalenow@gmail.com:e4bx3uU7eC:ustraliansalenow@gmail.com
andysalazar20@yaho.com.mx:lovestory1:andysalazar20@yaho.com.mx
ustraliansalenow@gmail.com:iDju556wkZ:ustraliansalenow@gmail.com
annyslay2001@gmail.com:sleeps11:annyslay2001@gmail.com
kcaballero@sirensmedia.com:sirensap:kcaballero@sirensmedia.com
swatstein@hotmail.com:foster:swatstein@hotmail.com
tbarrett2068@hotmail.com:eckard2068:tbarrett2068@hotmail.com
becky@beckyheavner.com:chelsey:becky@beckyheavner.com
canoy_jean@yahoo.com:abcdt123:canoy_jean@yahoo.com
 \tcanoy_jean@yahoo.com:password: \tcanoy_jean@yahoo.com
hinesjac@aol.com:password:hinesjac@aol.com
harvuskong@aciglobal.com:weevil:harvuskong@aciglobal.com
tk_morin@hotmail.com:teri1234:tk_morin@hotmail.com
j.shaka38@yahoo.com:rockason73:j.shaka38@yahoo.com
shannakng@yahoo.com:password:shannakng@yahoo.com
anna.bromwich@live.co.uk:password:anna.bromwich@live.co.uk
tlove0918@gmail.com:Happyme18:tlove0918@gmail.com
sarobbins1536@yahoo.com :sarcpa1536:sarobbins1536@yahoo.com 
jasson4me@gmail.com:password:jasson4me@gmail.com
dmaria0282@charter.net:ilovehistory:dmaria0282@charter.net
rpellage@yahoo.com:frank66:rpellage@yahoo.com
cmhopper11@gmail.com:tuckerxx41:cmhopper11@gmail.com
pboyette@yahoo.com:cslewisnarnia:pboyette@yahoo.com
tdoty6620@gmail.com:password:tdoty6620@gmail.com
ecwoodard1@sbcglobal.net:password:ecwoodard1@sbcglobal.net
floras@netspeed.com.au:2013Oldmagazinearticles:floras@netspeed.com.au
bonisbus@yahoo.com:Stbl0927:bonisbus@yahoo.com
fgh.sdg@aol.com:3g8vW2ttoT:fgh.sdg@aol.com
ahannah@loyolahs.edu:michael53:ahannah@loyolahs.edu
ifra.tcfh@gmail.com:hcjc_1982_aa:ifra.tcfh@gmail.com
chrisswider@gmail.com:wifama:chrisswider@gmail.com
tims@ezoic.com:tester:tims@ezoic.com
innovarch@cox.net:taipei:innovarch@cox.net
helen.hanson.exeter@gmail.com:sunset50:helen.hanson.exeter@gmail.com
dbundrant@gmail.com:password:dbundrant@gmail.com
auerwalk@cs.com:war12time:auerwalk@cs.com
abotaha2020@gmail.com:211096:abotaha2020@gmail.com
krohazs@yandex.ru:vipo555sWX:krohazs@yandex.ru
ekenerg@mail.ru:z55thtId2O:ekenerg@mail.ru
shazbaar@gmail.com:password:shazbaar@gmail.com
pratikabinani@gmail.com:mamypokopants:pratikabinani@gmail.com
viking953@sbcglobal.net:L3PJZnGsh:viking953@sbcglobal.net
bjlegg@hotmail.com:747474:bjlegg@hotmail.com
pelkeytracy@rocketmail.com:herself64:pelkeytracy@rocketmail.com
 \trmartell5@hotmail.com:password: \trmartell5@hotmail.com
abookzz@mail.ru:tsGj4lb14W:abookzz@mail.ru
barrywcng@gmail.com:password:barrywcng@gmail.com
hhbooker2@yahoo.com:raqib1942:hhbooker2@yahoo.com
middlewood@gmail.com:2381210:middlewood@gmail.com
wcbezanson@gmail.com:password:wcbezanson@gmail.com
standleyd@anahuacisd.net:abilene1977:standleyd@anahuacisd.net
emma.clark.1213@gmail.com:Anc761812:emma.clark.1213@gmail.com
jtblythe@gmail.com:a23995307:jtblythe@gmail.com
rthomas@vertigo-creative.com:password:rthomas@vertigo-creative.com
boxxies@rogers.com:password:boxxies@rogers.com
mtlanda@verizon.net:biancaiscute:mtlanda@verizon.net
vloebel@hotmail.com:nora1625:vloebel@hotmail.com
ejbloom821@hotmail.com:lady325:ejbloom821@hotmail.com
donhoffman@gvec.net:Donald1939:donhoffman@gvec.net
kris.hodges7@gmail.com:tpxsyvk3:kris.hodges7@gmail.com
toss_786@hotmail.com:password:toss_786@hotmail.com
lastgoddessblog@gmail.com:password:lastgoddessblog@gmail.com
michael.a.johnson.85@gmail.com:password:michael.a.johnson.85@gmail.com
wade_kenya@yahoo.com:password:wade_kenya@yahoo.com
curzm001@medwaymail.org:H1storymagazines:curzm001@medwaymail.org
teribeardall@msn.com:momrocks:teribeardall@msn.com
stephani719@yahoo.com:lindsay19:stephani719@yahoo.com
sgj@twc.com:password:sgj@twc.com
craftandbake@gmail.com:password:craftandbake@gmail.com
ford@mc.edu:Nemesis315:ford@mc.edu
0dayvinyls@mail.ru:clrh1p33ZX:0dayvinyls@mail.ru
filestube.eu@mail.ru:clrh1p33ZX:filestube.eu@mail.ru
brenda.flores7@yahoo.com:fuckyou7:brenda.flores7@yahoo.com
toddf@goodfellowbros.com:Jennifer06*:toddf@goodfellowbros.com
lbarnett@bulldogs.org:librarian:lbarnett@bulldogs.org
t.harry.evans@gmail.com:blender000:t.harry.evans@gmail.com
BuskerB@att.net:Groate76:BuskerB@att.net
mmullins@wcboe.org:Mooner54:mmullins@wcboe.org
smkc4@msn.com:supersister:smkc4@msn.com
jrshalf@gmail.com:gyerek11:jrshalf@gmail.com
dambull@optonline.net:password:dambull@optonline.net
titandronik@gmail.com:natyashastra:titandronik@gmail.com
cjmcvey@cps.edu:Mommie04:cjmcvey@cps.edu
kdstone81@yahoo.com:strawberry:kdstone81@yahoo.com
rkuenzlijr@yahoo.com:hollym:rkuenzlijr@yahoo.com
badfink@earthlink.net:stubby:badfink@earthlink.net
moonshine_2020@yahoo.com:password:moonshine_2020@yahoo.com
moonshine_2020@yahoo.com:ch111991:moonshine_2020@yahoo.com
lynda.caswell@opelikaschools.org:babea64:lynda.caswell@opelikaschools.org
tanyaoliva23@yahoo.com:?life43:tanyaoliva23@yahoo.com
aliascott11@gmail.com:password:aliascott11@gmail.com
irfanyalin@gmail.com:3588:irfanyalin@gmail.com
saruchan92@gmail.com:travis2010:saruchan92@gmail.com
CEL8758@gmail.com:samchasescats:CEL8758@gmail.com
sgade@droplar.com:tooeasy1:sgade@droplar.com
barron@barronaw.com:password:barron@barronaw.com
amaurer373@gmail.com:password:amaurer373@gmail.com
redwoodwish@hotmail.com:McKenzie16:redwoodwish@hotmail.com
sbrunner@aims.edu:Sonya1978:sbrunner@aims.edu
raynbev@hushmail.com:scotty:raynbev@hushmail.com
mcphearson.t@gmail.com :password:mcphearson.t@gmail.com 
bvd384@aol.com:password:bvd384@aol.com
sgj@twc.com:percycat:sgj@twc.com
savoytruffle@mindspring.com:wohaba35:savoytruffle@mindspring.com
rsh2114@gmail.com:password:rsh2114@gmail.com
mariecappart@gmail.com:password:mariecappart@gmail.com
ritaaliciamarques18@gmail.com:password:ritaaliciamarques18@gmail.com
dianaredwing@juno.com:Noodlenose1:dianaredwing@juno.com
outbackjackrkg@aol.com:123froggy:outbackjackrkg@aol.com
meyersonav@earthlink.net:Sensational217:meyersonav@earthlink.net
srwebseo@gmail.com:sandeep123:srwebseo@gmail.com
beedee18@hotmail.com:southernbird:beedee18@hotmail.com
monahan07@.comcast.net:bells123:monahan07@.comcast.net
kllc8369@gmail.com:sissypants61:kllc8369@gmail.com
karissaloveg@hotmail.com:1Forever23:karissaloveg@hotmail.com
donnajs42@yahoo.com:annod1900:donnajs42@yahoo.com
stuartjball@mail.com:OLDMAGsg6:stuartjball@mail.com
tnolfi@optonline.net:password:tnolfi@optonline.net
jkoshen@wi.rr.com:pastrevisitived:jkoshen@wi.rr.com
slbenjamin@yahoo.com:LittleJoe:slbenjamin@yahoo.com
hansscheffer@tiscali.nl:johann983:hansscheffer@tiscali.nl
niapia@sbcglobal.net:41263800:niapia@sbcglobal.net
jkrokos@att.net:password:jkrokos@att.net
dfenn617@yahoo.com:spqrma52:dfenn617@yahoo.com
ttombel@yahoo.com:password:ttombel@yahoo.com
risautb@gmail.com:password:risautb@gmail.com
bgweb@atlantic.net:Palmtree57:bgweb@atlantic.net
ranamoraleszkzh@yahoo.com:Nn91qzLAG:ranamoraleszkzh@yahoo.com
pietrokuyath@gmail.com:password:pietrokuyath@gmail.com
holzer.tamas@t-online.hu:oldB1947p:holzer.tamas@t-online.hu
oliver.knabe@vanderbilt.edu:password:oliver.knabe@vanderbilt.edu
lornagoldie@yahoo.com:Paris1919:lornagoldie@yahoo.com
spuriousbreast65yjnjz@outlook.com:R1isWWDZ:spuriousbreast65yjnjz@outlook.com
reagor77d@yahoo.com:red77r:reagor77d@yahoo.com
harbicon55@yahoo.com:mahamo1:harbicon55@yahoo.com
loopy4latte@yahoo.com:password:loopy4latte@yahoo.com
abadczech@aol.com:password:abadczech@aol.com
deborahosornio@gmail.com:SunKing2:deborahosornio@gmail.com
nicky.matthews@btinternet.com:alavna21:nicky.matthews@btinternet.com
kapple350@yahoo.com:juniper3:kapple350@yahoo.com
borgoscelina@gmail.com:daniella14:borgoscelina@gmail.com
mbosanko@nycap.rr.com:8181955:mbosanko@nycap.rr.com
derwombat@yandex.com:boubage7491^:derwombat@yandex.com
gvanamber@aol.com:password:gvanamber@aol.com
glover.ethan@gmail.com:password:glover.ethan@gmail.com
smp53@hotmail.com:sept11939:smp53@hotmail.com
recumbent80@gmail.com:#Uyv!6%Y:recumbent80@gmail.com
markssummers1@outlook.com:HenryV1415:markssummers1@outlook.com
sexroulettetier1@googlemail.com:aqs69AjO:sexroulettetier1@googlemail.com
t.bhandula88@gmaail.com:password:t.bhandula88@gmaail.com
joline@d.bestmail.website:guO34O7j8:joline@d.bestmail.website
bruce.salinger@gmail.com:bms1017:bruce.salinger@gmail.com
mls_friends@yahoo.com:arts264:mls_friends@yahoo.com
hunsingerrebecca@yahoo.com:searchingforajcurtiss:hunsingerrebecca@yahoo.com
wngdhussar@gmail.com:password:wngdhussar@gmail.com
dramtreebooks@ec.rr.com:nchistory:dramtreebooks@ec.rr.com
kdl104@ptd.net:fowler@104:kdl104@ptd.net
slackdammit@yahoo.com:9Utceracy!:slackdammit@yahoo.com
glendabelter@aol.com:Alexander:glendabelter@aol.com
Meowza1905@gmail.com:password:Meowza1905@gmail.com
ahmetegriden@gmail.com:password:ahmetegriden@gmail.com
johnapcolbert@gmail.com:password:johnapcolbert@gmail.com
judyspaulding@gmail.com:password:judyspaulding@gmail.com
shiningpearl109@gmail.com:password:shiningpearl109@gmail.com
isira2014@agruni.edu.ge:password:isira2014@agruni.edu.ge