Sagar.P:Sagar.P
Sunil.Mane:Sunil.Mane
Chandan.kumar:123@chandan
Mitali_Chaudhari:Mitali_Chaudhari
Rajiv_Pandey:Rajiv_Pandey
Prakash_Sinha:Prakash_Sinha
Uma _Z:Uma _Z
Sushant_J:Sushant_J
Shweta_B:Shweta_B
Aniket.P:Aniket.P
Bimalkanta.Pradhan:Bimalkanta.Pradhan
Rajshree_P:Rajshree_P
Dinesh_Patil:Dinesh_Patil
Madhusudan_M:Madhusudan_M
Vivek_Nerle:Vivek_Nerle
Vishal_N:Vishal_N
Kirti.A:Kirti.A
Rushikesh_B:Rushikesh_B
Kundan.K:Kundan.K
Sagar_K:Sagar_K
Akshay.K:Akshay.K
Anurag_D:Anurag_D
Sachin_K:Sachin_K
Pravin.M:Pravin.M
Archana.Pawar:Archana.Pawar
Dibyasa_D:Dibyasa_D
Kiran.Sawant:Kiran.Sawant
Sayali.Kamble:Sayali.Kamble
Vishwajeet_N:Vishwajeet_N
Sneha.B:B.Sneha
Abhijeet_Ghorpade:Abhijeet_Ghorpade
Anjali_G:Anjali_G
Piyush_G:Piyush_G
Manish_K:Manish_K