iwasa.kazuko:Iwasa5441
itakura.kazuya:Itakura5441
negishi.akiyoshi:Negishi5441
tanino.wataru:Tanino5441
uchida.tomomi:Uchida5441
u7MebZ:?
hosaka.masashi:Hosaka5441
suzuki.aya:Suzuki5441
