t.sasaki:t.sasaki
m.arakaki:m.arakaki
t.hasegawa:t.hasegawa
h.yamazaki:h.yamazaki
y.hisamatsu:y.hisamatsu
m.ikeda:m.ikeda
m.usui:m.usui
k.yamamoto:k.yamamoto
