t-matsuyama:t-matsuyama
m-nasukawa:m-nasukawa
k-itou:k-itou
r-tomonou:r-tomonou
t-nishimura:t-nishimura
y-kitahara:y-kitahara
t-sato:t-sato
